0,1,2,3,4,5,6,7,8,9,10,11,12,13,14,15
datetime,temp,dew,humidity,precip,precipprob,preciptype,snow,snowdepth,windspeed,winddir,sealevelpressure,cloudcover,solarradiation,solarenergy,uvindex
2023-05-13T00:00:00,10.8,9.2,89.98,0.0,0.0,,0.0,0.0,25.2,14.0,1024.2,100.0,0.0,0.0,0.0
2023-05-13T01:00:00,10.6,9.2,90.81,0.0,0.0,,0.0,0.0,23.2,13.0,1024.1,100.0,0.0,0.0,0.0
2023-05-13T02:00:00,10.5,8.9,90.34,0.0,0.0,,0.0,0.0,23.9,13.0,1023.8,100.0,0.0,0.0,0.0
2023-05-13T03:00:00,10.2,8.7,90.64,0.0,0.0,,0.0,0.0,26.5,13.0,1023.7,100.0,0.0,0.0,0.0
2023-05-13T04:00:00,9.9,8.3,89.69,0.0,0.0,,0.0,0.0,30.5,4.0,1023.9,100.0,0.0,0.0,0.0
2023-05-13T05:00:00,9.7,8.1,89.81,0.0,0.0,,0.0,0.0,30.5,5.0,1023.9,100.0,0.0,0.0,0.0
2023-05-13T06:00:00,9.7,8.1,89.67,0.0,0.0,,0.0,0.0,27.7,5.0,1024.2,100.0,17.0,0.1,0.0
2023-05-13T07:00:00,10.2,8.1,87.33,0.0,0.0,,0.0,0.0,27.7,5.0,1024.6,100.0,83.0,0.3,1.0
2023-05-13T08:00:00,10.4,8.3,86.89,0.0,0.0,,,0.0,27.6,12.0,1025.2,,291.0,1.0,3.0
2023-05-13T09:00:00,11.4,8.9,84.73,0.0,0.0,,0.0,0.0,26.0,358.0,1025.4,61.7,449.0,1.6,4.0
2023-05-13T10:00:00,12.3,9.0,79.88,0.0,0.0,,0.0,0.0,32.2,18.0,1025.6,72.4,580.0,2.1,6.0
2023-05-13T11:00:00,13.3,9.2,76.4,0.0,0.0,,0.0,0.0,28.8,13.0,1025.5,51.9,713.0,2.6,7.0
2023-05-13T12:00:00,14.7,10.4,75.41,0.0,0.0,,0.0,0.0,24.0,10.0,1025.4,31.5,793.0,2.9,8.0
2023-05-13T13:00:00,15.8,10.9,72.86,0.0,0.0,,0.0,0.0,26.1,8.0,1025.1,45.1,829.0,3.0,8.0
2023-05-13T14:00:00,16.7,11.3,70.6,0.0,0.0,,0.0,0.0,24.3,12.0,1024.9,12.0,816.0,2.9,8.0
2023-05-13T15:00:00,17.0,11.1,68.37,0.0,0.0,,0.0,0.0,23.8,2.0,1024.7,22.2,697.0,2.5,7.0
2023-05-13T16:00:00,17.3,11.4,68.17,0.0,0.0,,0.0,0.0,24.0,2.0,1024.3,16.3,665.0,2.4,7.0
2023-05-13T17:00:00,17.0,10.9,67.44,0.0,0.0,,0.0,0.0,22.5,9.0,1024.0,14.1,533.0,1.9,5.0
2023-05-13T18:00:00,16.3,10.6,68.84,0.0,0.0,,0.0,0.0,21.4,2.0,1023.6,28.2,382.0,1.4,4.0
2023-05-13T19:00:00,15.1,10.1,72.21,0.0,0.0,,0.0,0.0,22.4,9.0,1023.4,36.2,199.0,0.7,2.0
2023-05-13T20:00:00,13.1,9.6,79.75,0.0,0.0,,0.0,0.0,21.0,4.0,1023.7,51.9,31.0,0.1,0.0
2023-05-13T21:00:00,11.5,9.2,85.87,0.0,0.0,,0.0,0.0,23.5,6.0,1024.0,46.0,11.0,0.0,0.0
2023-05-13T22:00:00,10.6,9.0,89.43,0.0,0.0,,0.0,0.0,23.2,13.0,1024.2,51.9,0.0,0.0,0.0
2023-05-13T23:00:00,10.1,8.7,90.62,0.0,0.0,,0.0,0.0,21.5,11.0,1024.0,67.3,0.0,0.0,0.0
2023-05-14T00:00:00,10.0,8.5,90.59,0.0,0.0,,0.0,0.0,11.4,35.0,1024.2,93.7,0.0,0.0,0.0
2023-05-14T01:00:00,9.6,8.7,93.82,0.0,0.0,,0.0,0.0,5.9,25.0,1024.0,96.4,0.0,0.0,0.0
2023-05-14T02:00:00,9.3,8.2,92.78,0.0,0.0,,0.0,0.0,11.0,4.0,1023.4,93.7,0.0,0.0,0.0
2023-05-14T03:00:00,8.9,7.8,93.22,0.0,0.0,,0.0,0.0,8.6,18.0,1023.1,100.0,0.0,0.0,0.0
2023-05-14T04:00:00,8.7,7.9,94.35,0.0,0.0,,0.0,0.0,9.8,16.0,1022.9,100.0,0.0,0.0,0.0
2023-05-14T05:00:00,8.9,8.0,93.88,0.0,0.0,,0.0,0.0,5.4,360.0,1022.6,100.0,0.0,0.0,0.0
2023-05-14T06:00:00,8.6,7.7,94.38,0.0,0.0,,0.0,0.0,8.6,344.0,1022.4,100.0,17.0,0.1,0.0
2023-05-14T07:00:00,8.7,8.0,95.11,0.0,0.0,,0.0,0.0,8.3,4.0,1022.5,100.0,38.0,0.1,0.0
2023-05-14T08:00:00,9.0,8.2,94.23,0.0,0.0,,0.0,0.0,8.1,358.0,1022.1,100.0,88.0,0.3,1.0
2023-05-14T09:00:00,9.4,8.1,91.86,0.0,0.0,,0.0,0.0,6.4,41.0,1022.0,100.0,168.0,0.6,2.0
2023-05-14T10:00:00,10.3,8.4,87.89,0.0,0.0,,0.0,0.0,3.9,321.0,1021.9,99.2,324.0,1.2,3.0
2023-05-14T11:00:00,12.3,9.5,83.26,0.0,0.0,,0.0,0.0,4.0,276.0,1021.8,77.8,432.0,1.6,4.0
2023-05-14T12:00:00,13.0,10.1,82.85,0.0,0.0,,0.0,0.0,11.4,200.0,1021.4,33.5,662.0,2.4,7.0
2023-05-14T13:00:00,12.9,9.5,79.75,0.0,0.0,,0.0,0.0,13.0,205.0,1021.1,11.9,695.0,2.5,7.0
2023-05-14T14:00:00,13.7,10.3,80.21,0.0,0.0,,0.0,0.0,13.3,213.0,1020.7,7.9,646.0,2.3,6.0
2023-05-14T15:00:00,14.7,11.1,79.12,0.0,0.0,,0.0,0.0,13.5,215.0,1020.2,41.0,791.0,2.8,8.0
2023-05-14T16:00:00,13.9,10.7,81.21,0.0,0.0,,0.0,0.0,15.5,235.0,1019.8,4.5,638.0,2.3,6.0
2023-05-14T17:00:00,14.1,11.0,81.74,0.0,0.0,,0.0,0.0,14.8,223.0,1019.1,14.4,314.0,1.1,3.0
2023-05-14T18:00:00,14.0,11.1,82.99,0.0,0.0,,0.0,0.0,16.5,223.0,1018.8,20.8,271.0,1.0,3.0
2023-05-14T19:00:00,13.1,11.3,89.16,0.007,100.0,rain,0.0,0.0,12.1,223.0,1018.6,74.7,200.0,0.7,2.0
2023-05-14T20:00:00,12.4,11.4,93.77,0.007,100.0,rain,0.0,0.0,10.1,217.0,1018.4,21.0,29.0,0.1,0.0
2023-05-14T21:00:00,12.3,11.5,94.83,0.0,0.0,,0.0,0.0,5.9,228.0,1018.4,65.5,9.0,0.0,0.0
2023-05-14T22:00:00,12.0,11.3,95.54,0.0,0.0,,0.0,0.0,2.9,199.0,1018.2,70.2,0.0,0.0,0.0
2023-05-14T23:00:00,11.8,11.2,96.37,0.0,0.0,,0.0,0.0,1.6,264.0,1018.0,91.6,0.0,0.0,0.0
2023-05-15T00:00:00,11.8,11.1,95.3,0.0,0.0,,0.0,0.0,1.9,269.0,1017.8,91.6,0.0,0.0,0.0
2023-05-15T01:00:00,12.3,9.6,83.88,0.0,0.0,,0.0,0.0,8.4,317.0,1017.5,90.2,0.0,0.0,0.0
2023-05-15T02:00:00,12.5,9.4,81.59,0.0,0.0,,0.0,0.0,8.6,335.0,1017.1,91.6,0.0,0.0,0.0
2023-05-15T03:00:00,12.5,9.7,83.03,0.0,0.0,,0.0,0.0,11.8,339.0,1017.0,95.8,0.0,0.0,0.0
2023-05-15T04:00:00,12.3,9.9,85.21,0.006,100.0,rain,0.0,0.0,16.0,350.0,1016.9,95.8,0.0,0.0,0.0
2023-05-15T05:00:00,12.1,10.1,87.42,0.006,100.0,rain,0.0,0.0,15.8,349.0,1016.9,99.2,0.0,0.0,0.0
2023-05-15T06:00:00,12.2,10.3,88.4,0.006,100.0,rain,0.0,0.0,18.1,345.0,1017.2,99.2,17.0,0.1,0.0
2023-05-15T07:00:00,11.5,9.9,89.9,0.0,0.0,,0.0,0.0,22.8,343.0,1017.7,94.1,37.0,0.1,0.0
2023-05-15T08:00:00,11.3,8.8,84.54,0.0,0.0,,0.0,0.0,22.0,359.0,1018.3,94.1,68.0,0.2,1.0
2023-05-15T09:00:00,12.0,7.4,73.58,0.0,0.0,,0.0,0.0,21.0,360.0,1018.5,80.4,159.0,0.6,2.0
2023-05-15T10:00:00,13.2,7.2,67.1,0.0,0.0,,0.0,0.0,23.5,358.0,1018.9,66.0,419.0,1.5,4.0
2023-05-15T11:00:00,13.5,5.6,58.56,0.0,0.0,,0.0,0.0,22.7,359.0,1019.3,63.4,648.0,2.3,6.0
2023-05-15T12:00:00,14.1,5.1,54.84,0.0,0.0,,0.0,0.0,22.8,6.0,1019.5,50.8,663.0,2.4,7.0
2023-05-15T13:00:00,14.5,3.8,48.63,0.0,0.0,,0.0,0.0,22.8,351.0,1019.7,60.8,704.0,2.5,7.0
2023-05-15T14:00:00,15.0,3.3,45.32,0.0,0.0,,0.0,0.0,25.7,8.0,1020.0,54.7,822.0,3.0,8.0
2023-05-15T15:00:00,14.7,4.3,49.56,0.0,0.0,,0.0,0.0,22.6,15.0,1020.3,69.0,592.0,2.1,6.0
2023-05-15T16:00:00,15.5,4.1,46.53,0.0,0.0,,0.0,0.0,17.3,2.0,,86.6,531.0,1.9,5.0
2023-05-15T17:00:00,15.5,5.7,51.86,0.0,0.0,,0.0,0.0,17.1,11.0,1020.5,79.8,328.0,1.2,3.0
2023-05-15T18:00:00,15.2,2.3,42.07,0.0,0.0,,0.0,0.0,19.6,360.0,1021.1,35.8,182.0,0.7,2.0
2023-05-15T19:00:00,14.5,5.0,52.95,0.0,0.0,,0.0,0.0,15.8,35.0,1021.3,78.4,149.0,0.5,1.0
2023-05-15T20:00:00,12.7,4.9,59.08,0.0,0.0,,0.0,0.0,10.3,46.0,1021.9,60.3,34.0,0.1,0.0
2023-05-15T21:00:00,10.7,5.3,68.99,0.0,0.0,,0.0,0.0,6.8,38.0,1022.6,8.1,12.0,0.0,0.0
2023-05-15T22:00:00,8.4,4.9,78.73,0.0,0.0,,0.0,0.0,4.7,14.0,1023.1,0.0,0.0,0.0,0.0
2023-05-15T23:00:00,7.1,4.2,82.3,0.0,0.0,,0.0,0.0,6.7,8.0,1023.6,11.4,0.0,0.0,0.0
2023-05-16T00:00:00,6.5,4.6,87.78,0.0,0.0,,0.0,0.0,8.2,12.0,1023.6,23.9,0.0,0.0,0.0
2023-05-16T01:00:00,6.2,4.0,86.01,0.0,0.0,,0.0,0.0,1.2,321.0,1024.0,31.1,0.0,0.0,0.0
2023-05-16T02:00:00,6.7,5.2,89.91,0.0,0.0,,0.0,0.0,9.6,354.0,1024.1,38.6,0.0,0.0,0.0
2023-05-16T03:00:00,5.5,4.0,89.73,0.0,0.0,,0.0,0.0,6.9,340.0,1024.0,25.2,0.0,0.0,0.0
2023-05-16T04:00:00,5.2,3.9,91.31,0.0,0.0,,0.0,0.0,7.0,5.0,1024.0,4.2,0.0,0.0,0.0
2023-05-16T05:00:00,5.5,4.7,94.68,0.0,0.0,,0.0,0.0,9.9,335.0,1023.9,0.0,0.0,0.0,0.0
2023-05-16T06:00:00,6.8,5.4,90.99,0.0,0.0,,0.0,0.0,12.9,338.0,1024.2,0.0,21.0,0.1,0.0
2023-05-16T07:00:00,8.2,6.0,85.87,0.0,0.0,,0.0,0.0,5.3,350.0,1024.5,0.0,132.0,0.5,1.0
2023-05-16T08:00:00,9.7,6.7,81.53,0.0,0.0,,0.0,0.0,10.5,347.0,1024.8,0.0,229.0,0.8,2.0
2023-05-16T09:00:00,11.7,7.2,73.68,0.0,0.0,,0.0,0.0,12.2,357.0,1025.1,0.0,454.0,1.6,5.0
2023-05-16T10:00:00,13.3,7.5,67.94,0.0,0.0,,0.0,0.0,13.5,353.0,1025.0,2.9,599.0,2.2,6.0
2023-05-16T11:00:00,14.5,7.2,61.56,0.0,0.0,,0.0,0.0,15.1,350.0,1025.1,12.5,743.0,2.7,7.0
2023-05-16T12:00:00,14.4,5.6,55.29,0.0,0.0,,0.0,0.0,13.6,333.0,1025.0,30.7,775.0,2.8,8.0
2023-05-16T13:00:00,16.1,5.9,50.71,0.0,0.0,,0.0,0.0,12.6,348.0,1024.8,24.9,710.0,2.6,7.0
2023-05-16T14:00:00,16.7,4.1,43.06,0.0,0.0,,0.0,0.0,9.9,330.0,1024.6,23.5,787.0,2.8,8.0
2023-05-16T15:00:00,16.8,5.2,46.43,0.0,0.0,,0.0,0.0,10.9,357.0,1024.5,18.3,733.0,2.6,7.0
2023-05-16T16:00:00,16.1,6.1,51.49,0.0,0.0,,0.0,0.0,18.4,340.0,1025.0,50.0,675.0,2.4,7.0
2023-05-16T17:00:00,14.1,7.3,63.59,0.0,0.0,,0.0,0.0,7.6,316.9,1024.0,40.0,,,
2023-05-16T18:00:00,13.8,8.6,70.84,0.0,0.0,,0.0,0.0,4.3,,1024.0,89.8,,,
2023-05-16T19:00:00,15.1,6.1,54.9,0.0,0.0,,0.0,0.0,13.0,340.0,1025.0,30.0,201.0,0.7,2.0
2023-05-16T20:00:00,14.4,6.4,58.76,0.0,0.0,,0.0,0.0,10.4,334.0,1025.4,61.5,39.0,0.1,0.0
2023-05-16T21:00:00,12.6,6.2,65.24,0.0,0.0,,0.0,0.0,6.8,339.0,1025.8,50.5,13.0,0.0,0.0
2023-05-16T22:00:00,10.6,6.7,77.2,0.0,0.0,,0.0,0.0,6.7,4.0,1026.5,65.3,0.0,0.0,0.0
2023-05-16T23:00:00,8.8,6.2,83.77,0.0,0.0,,0.0,0.0,7.9,2.0,1026.8,2.5,0.0,0.0,0.0
2023-05-17T00:00:00,9.0,6.1,81.8,0.0,0.0,,0.0,0.0,8.0,359.0,1027.1,2.5,0.0,0.0,0.0
2023-05-17T01:00:00,7.8,5.4,84.89,0.0,0.0,,0.0,0.0,7.9,357.0,1027.3,0.0,0.0,0.0,0.0
2023-05-17T02:00:00,6.8,5.4,91.03,0.0,0.0,,0.0,0.0,9.2,3.0,1027.3,0.0,0.0,0.0,0.0
2023-05-17T03:00:00,6.5,4.9,89.52,0.0,0.0,,0.0,0.0,8.3,347.0,1027.4,0.0,0.0,0.0,0.0
2023-05-17T04:00:00,6.0,5.0,92.97,0.0,0.0,,0.0,0.0,9.9,349.0,1027.6,0.0,0.0,0.0,0.0
2023-05-17T05:00:00,6.3,5.3,93.58,0.0,0.0,,0.0,0.0,9.5,348.0,1027.8,0.0,0.0,0.0,0.0
2023-05-17T06:00:00,6.7,5.8,93.96,0.0,0.0,,0.0,0.0,9.3,355.0,1028.3,0.0,26.0,0.1,0.0
2023-05-17T07:00:00,9.0,7.3,88.92,0.0,0.0,,0.0,0.0,15.3,354.0,1028.7,0.0,124.0,0.4,1.0
2023-05-17T08:00:00,10.7,8.1,83.58,0.0,0.0,,0.0,0.0,12.5,7.0,1029.1,0.0,230.0,0.8,2.0
2023-05-17T09:00:00,12.9,9.1,77.65,0.0,0.0,,0.0,0.0,12.5,14.0,1029.2,0.0,427.0,1.5,4.0
2023-05-17T10:00:00,14.7,9.1,69.13,0.0,0.0,,0.0,0.0,9.6,5.0,1029.3,0.0,593.0,2.1,6.0
2023-05-17T11:00:00,16.0,10.2,68.49,0.0,0.0,,0.0,0.0,9.9,210.0,1029.0,41.7,688.0,2.5,7.0
2023-05-17T12:00:00,15.3,9.9,69.82,0.0,0.0,,0.0,0.0,14.5,251.0,1028.8,69.9,770.0,2.8,8.0
2023-05-17T13:00:00,15.5,9.5,67.29,0.0,0.0,,0.0,0.0,15.8,259.0,1028.6,61.5,807.0,2.9,8.0
2023-05-17T14:00:00,14.7,9.7,71.73,0.0,0.0,,0.0,0.0,14.6,239.0,1028.3,74.0,762.0,2.7,8.0
2023-05-17T15:00:00,14.5,9.8,73.38,0.297,100.0,rain,0.0,0.0,14.7,242.0,1028.1,95.8,189.0,0.7,2.0
2023-05-17T16:00:00,17.7,6.3,47.46,0.0,0.0,,0.0,0.0,8.3,330.0,1027.3,89.0,193.0,0.7,2.0
2023-05-17T17:00:00,15.1,9.4,68.83,0.0,0.0,,0.0,0.0,13.3,278.0,1027.7,94.1,170.0,0.6,2.0
2023-05-17T18:00:00,16.0,9.0,63.19,0.0,0.0,,0.0,0.0,,252.0,1027.2,59.7,216.0,0.8,2.0
2023-05-17T19:00:00,14.7,10.2,74.73,0.0,0.0,,0.0,0.0,12.0,300.0,1027.5,84.5,88.0,0.3,1.0
2023-05-17T20:00:00,14.0,10.2,77.72,0.0,0.0,,0.0,0.0,4.8,98.0,1027.7,79.4,26.0,0.1,0.0
2023-05-17T21:00:00,12.7,10.4,85.99,0.0,0.0,,0.0,0.0,11.4,116.0,1028.0,79.0,11.0,0.0,0.0
2023-05-17T22:00:00,12.2,10.0,86.56,0.0,0.0,,0.0,0.0,14.0,110.0,1028.4,79.0,0.0,0.0,0.0
2023-05-17T23:00:00,11.2,9.0,86.59,0.0,0.0,,0.0,0.0,8.9,90.0,1028.4,77.7,0.0,0.0,0.0
2023-05-18T00:00:00,10.3,7.7,83.89,0.0,0.0,,0.0,0.0,5.9,60.0,1028.4,82.8,0.0,0.0,0.0
2023-05-18T01:00:00,10.1,7.5,84.06,0.0,0.0,,0.0,0.0,7.2,88.0,1028.2,83.6,0.0,0.0,0.0
2023-05-18T02:00:00,9.3,7.3,87.15,0.0,0.0,,0.0,0.0,7.1,9.0,1028.2,91.6,0.0,0.0,0.0
2023-05-18T03:00:00,9.4,7.6,88.96,0.0,0.0,,0.0,0.0,9.3,20.0,1028.4,91.6,0.0,0.0,0.0
2023-05-18T04:00:00,9.0,7.6,91.13,0.0,0.0,,0.0,0.0,9.2,5.0,1028.3,91.6,0.0,0.0,0.0
2023-05-18T05:00:00,8.7,7.6,92.69,0.0,0.0,,0.0,0.0,9.5,3.0,1028.3,83.3,0.0,0.0,0.0
2023-05-18T06:00:00,8.5,7.4,92.67,0.0,0.0,,0.0,0.0,6.5,41.0,1028.1,77.8,26.0,0.1,0.0
2023-05-18T07:00:00,9.7,8.4,91.26,0.0,0.0,,0.0,0.0,9.1,2.0,1028.4,10.0,122.0,0.4,1.0
2023-05-18T08:00:00,11.6,8.7,82.17,0.0,0.0,,0.0,0.0,6.7,22.0,1028.7,3.0,205.0,0.7,2.0
2023-05-18T09:00:00,14.4,8.1,65.74,0.0,0.0,,0.0,0.0,4.0,13.0,1028.9,0.0,362.0,1.3,4.0
2023-05-18T10:00:00,14.5,8.3,66.13,0.0,0.0,,0.0,0.0,7.6,128.0,1028.8,3.9,434.0,1.6,4.0
2023-05-18T11:00:00,14.3,8.5,68.25,0.0,0.0,,0.0,0.0,10.9,134.0,1028.7,15.5,616.0,2.2,6.0
2023-05-18T12:00:00,14.8,9.4,70.06,0.0,0.0,,0.0,0.0,13.5,140.0,1028.6,29.1,559.0,2.0,6.0
2023-05-18T13:00:00,15.0,9.7,70.63,0.0,0.0,,0.0,0.0,12.0,148.0,1028.5,53.9,751.0,2.7,8.0
2023-05-18T14:00:00,14.8,9.9,72.59,0.0,0.0,,0.0,0.0,11.0,221.0,1028.3,34.7,734.0,2.6,7.0
2023-05-18T15:00:00,15.1,10.2,72.56,0.0,0.0,,0.0,0.0,12.2,164.0,1028.1,53.1,683.0,2.5,7.0
2023-05-18T16:00:00,14.7,9.0,69.07,0.0,0.0,,0.0,0.0,12.2,175.0,1027.7,19.6,655.0,2.4,7.0
2023-05-18T17:00:00,11.8,9.4,85.23,0.0,0.0,,0.0,0.0,7.9,180.9,1027.0,47.8,,,
2023-05-18T18:00:00,11.8,9.1,83.52,0.0,0.0,,0.0,0.0,7.2,182.1,1027.0,7.3,,,
2023-05-18T19:00:00,13.0,8.8,75.75,0.0,0.0,,0.0,0.0,9.0,230.0,1027.3,27.4,181.0,0.7,2.0
2023-05-18T20:00:00,12.2,8.5,78.57,0.0,0.0,,0.0,0.0,5.6,186.0,1027.5,52.2,46.0,0.2,0.0
2023-05-18T21:00:00,11.1,8.3,82.45,0.0,0.0,,0.0,0.0,5.0,228.0,1027.7,50.5,12.0,0.0,0.0
2023-05-18T22:00:00,10.3,7.4,82.45,0.0,0.0,,0.0,0.0,5.2,247.0,1028.0,56.0,0.0,0.0,0.0
2023-05-18T23:00:00,10.2,8.2,87.54,0.0,0.0,,0.0,0.0,1.0,123.0,1028.1,56.0,0.0,0.0,0.0
2023-05-19T00:00:00,9.1,7.7,91.03,0.0,0.0,,0.0,0.0,3.5,50.0,1028.1,50.3,0.0,0.0,0.0
2023-05-19T01:00:00,8.6,7.6,93.81,0.0,0.0,,0.0,0.0,2.1,40.0,1028.0,84.8,0.0,0.0,0.0
2023-05-19T02:00:00,7.2,6.4,94.83,0.0,0.0,,0.0,0.0,5.1,33.0,1027.7,47.5,0.0,0.0,0.0
2023-05-19T03:00:00,7.2,6.6,96.12,0.0,0.0,,0.0,0.0,7.8,18.0,1027.5,56.0,0.0,0.0,0.0
2023-05-19T04:00:00,7.3,6.8,96.74,0.0,0.0,,0.0,0.0,7.9,26.0,1027.4,46.4,0.0,0.0,0.0
2023-05-19T05:00:00,7.5,7.1,97.53,0.0,0.0,,0.0,0.0,6.4,28.0,1027.3,56.0,0.0,0.0,0.0
2023-05-19T06:00:00,7.3,6.9,97.51,0.0,0.0,,0.0,0.0,8.0,9.0,1027.3,63.7,31.0,0.1,0.0
2023-05-19T07:00:00,8.6,7.6,93.27,0.0,0.0,,0.0,0.0,6.7,14.0,1027.2,61.7,127.0,0.5,1.0
2023-05-19T08:00:00,10.3,8.5,88.45,0.0,0.0,,0.0,0.0,5.2,6.0,1027.1,66.9,169.0,0.6,2.0
2023-05-19T09:00:00,11.8,8.0,77.81,0.0,0.0,,0.0,0.0,5.2,332.0,1027.3,91.6,274.0,1.0,3.0
2023-05-19T10:00:00,12.9,7.9,71.73,0.0,0.0,,0.0,0.0,7.3,18.0,1027.4,70.2,352.0,1.3,4.0
2023-05-19T11:00:00,13.3,7.6,68.26,0.0,0.0,,0.0,0.0,7.2,12.0,1027.5,80.3,326.0,1.2,3.0
2023-05-19T12:00:00,14.1,7.9,66.11,0.0,0.0,,0.0,0.0,10.8,27.0,1027.1,91.6,285.0,1.0,3.0
2023-05-19T13:00:00,16.1,8.3,60.1,0.0,0.0,,0.0,0.0,14.0,56.0,1026.6,93.2,463.0,1.7,5.0
2023-05-19T14:00:00,17.0,9.4,60.96,0.0,0.0,,0.0,0.0,12.9,41.0,1026.3,82.8,536.0,1.9,5.0
2023-05-19T15:00:00,17.5,7.4,51.32,0.0,0.0,,0.0,0.0,13.8,52.0,1025.9,79.2,729.0,2.6,7.0
2023-05-19T16:00:00,16.6,8.0,56.77,0.0,0.0,,0.0,0.0,13.8,39.0,1025.7,94.1,543.0,2.0,5.0
2023-05-19T17:00:00,14.8,8.6,66.41,0.0,0.0,,0.0,0.0,12.7,232.0,1025.7,73.0,403.0,1.5,4.0
2023-05-19T18:00:00,13.7,8.3,69.98,0.0,0.0,,0.0,0.0,10.3,259.0,1025.8,43.2,410.0,1.5,4.0
2023-05-19T19:00:00,13.5,8.2,70.24,0.0,0.0,,0.0,0.0,8.3,252.0,1025.8,13.7,185.0,0.7,2.0
2023-05-19T20:00:00,13.5,8.5,71.83,0.0,0.0,,0.0,0.0,6.1,269.0,1026.1,18.0,32.0,0.1,0.0
2023-05-19T21:00:00,10.9,7.1,77.83,0.0,0.0,,0.0,0.0,6.2,10.0,1026.3,12.7,12.0,0.0,0.0
2023-05-19T22:00:00,11.1,7.2,76.86,0.0,0.0,,0.0,0.0,12.7,46.0,1026.9,33.0,0.0,0.0,0.0
2023-05-19T23:00:00,9.7,5.4,74.6,0.0,0.0,,0.0,0.0,11.5,39.0,1027.1,8.4,0.0,0.0,0.0
2023-05-20T00:00:00,8.0,4.8,80.1,0.0,0.0,,0.0,0.0,4.6,1.0,1027.1,2.5,0.0,0.0,0.0
2023-05-20T01:00:00,7.4,5.2,86.03,0.0,0.0,,0.0,0.0,7.9,343.0,1026.9,0.0,0.0,0.0,0.0
2023-05-20T02:00:00,7.4,4.9,84.39,0.0,0.0,,0.0,0.0,8.2,342.0,1026.6,0.0,0.0,0.0,0.0
2023-05-20T03:00:00,7.1,5.2,87.75,0.0,0.0,,0.0,0.0,13.2,340.0,1026.0,0.0,0.0,0.0,0.0
2023-05-20T04:00:00,7.1,5.6,89.84,0.0,0.0,,0.0,0.0,15.0,358.0,1025.9,13.7,0.0,0.0,0.0
2023-05-20T05:00:00,7.2,6.0,92.04,0.0,0.0,,0.0,0.0,16.4,7.0,1025.5,57.7,0.0,0.0,0.0
2023-05-20T06:00:00,7.7,6.8,93.79,0.0,0.0,,0.0,0.0,20.9,5.0,1025.4,87.5,19.0,0.1,0.0
2023-05-20T07:00:00,8.7,7.6,92.81,0.0,0.0,,0.0,0.0,21.2,6.0,1025.3,87.5,62.0,0.2,1.0
2023-05-20T08:00:00,10.4,8.5,87.51,0.0,0.0,,0.0,0.0,20.2,20.0,1025.2,79.5,197.0,0.7,2.0
2023-05-20T09:00:00,11.9,9.0,82.27,0.0,0.0,,0.0,0.0,22.1,23.0,1025.1,61.8,465.0,1.7,5.0
2023-05-20T10:00:00,14.0,9.9,76.19,0.0,0.0,,0.0,0.0,20.7,21.0,1024.9,11.0,604.0,2.2,6.0
2023-05-20T11:00:00,15.6,9.7,67.86,0.0,0.0,,0.0,0.0,22.1,13.0,1024.5,8.5,724.0,2.6,7.0
2023-05-20T12:00:00,17.4,10.1,62.15,0.0,0.0,,0.0,0.0,23.5,28.0,1024.0,49.6,803.0,2.9,8.0
2023-05-20T13:00:00,18.3,9.3,55.67,0.0,0.0,,0.0,0.0,26.1,29.0,1023.4,51.2,724.0,2.6,7.0
2023-05-20T14:00:00,18.0,7.4,49.8,0.0,0.0,,0.0,0.0,22.8,40.0,1023.0,25.8,722.0,2.6,7.0
2023-05-20T15:00:00,18.4,6.5,45.81,0.0,0.0,,0.0,0.0,22.8,56.0,1022.8,39.1,602.0,2.2,6.0
2023-05-20T16:00:00,19.4,6.9,44.4,0.0,0.0,,0.0,0.0,21.5,57.0,1022.2,47.4,683.0,2.5,7.0
2023-05-20T17:00:00,18.1,6.5,46.94,0.0,0.0,,0.0,0.0,23.1,49.0,1021.9,76.1,545.0,2.0,5.0
2023-05-20T18:00:00,17.7,6.9,49.22,0.0,0.0,,0.0,0.0,18.3,50.0,1021.7,38.2,392.0,1.4,4.0
2023-05-20T19:00:00,17.3,6.0,47.62,0.0,0.0,,0.0,0.0,20.5,58.0,1021.8,48.7,240.0,0.9,2.0
2023-05-20T20:00:00,15.8,5.4,50.04,0.0,0.0,,0.0,0.0,21.2,50.0,1022.3,12.6,31.0,0.1,0.0
2023-05-20T21:00:00,13.4,3.5,51.17,0.0,0.0,,0.0,0.0,13.7,39.0,1022.4,11.3,12.0,0.0,0.0
2023-05-20T22:00:00,12.0,4.1,58.43,0.0,0.0,,0.0,0.0,13.5,39.0,1022.4,0.0,0.0,0.0,0.0
2023-05-20T23:00:00,11.1,4.9,65.36,0.0,0.0,,0.0,0.0,13.0,29.0,1022.4,0.0,0.0,0.0,0.0
2023-05-21T00:00:00,11.0,3.7,60.79,0.0,0.0,,0.0,0.0,18.2,21.0,1022.1,0.0,0.0,0.0,0.0
2023-05-21T01:00:00,9.5,3.8,67.68,0.0,0.0,,0.0,0.0,15.1,357.0,1021.6,0.0,0.0,0.0,0.0
2023-05-21T02:00:00,9.0,4.6,74.17,0.0,0.0,,0.0,0.0,15.8,357.0,1021.5,0.0,0.0,0.0,0.0
2023-05-21T03:00:00,8.6,5.1,78.88,0.0,0.0,,0.0,0.0,18.0,356.0,1021.1,0.0,0.0,0.0,0.0
2023-05-21T04:00:00,8.0,5.3,83.21,0.0,0.0,,0.0,0.0,16.5,2.0,1020.9,0.0,0.0,0.0,0.0
2023-05-21T05:00:00,7.7,5.7,86.76,0.0,0.0,,0.0,0.0,19.0,1.0,1020.9,0.0,0.0,0.0,0.0
2023-05-21T06:00:00,8.2,6.5,88.97,0.0,0.0,,0.0,0.0,17.8,3.0,1021.0,0.0,30.0,0.1,0.0
2023-05-21T07:00:00,9.6,7.4,86.26,0.0,0.0,,0.0,0.0,18.5,6.0,1021.0,0.0,139.0,0.5,1.0
2023-05-21T08:00:00,12.0,8.5,79.3,0.0,0.0,,0.0,0.0,20.2,7.0,1021.1,0.0,228.0,0.8,2.0
2023-05-21T09:00:00,14.3,8.5,68.22,0.0,0.0,,0.0,0.0,24.9,33.0,1021.2,0.0,441.0,1.6,4.0
2023-05-21T10:00:00,15.8,8.1,60.12,0.0,0.0,,0.0,0.0,28.6,39.0,1021.0,9.5,607.0,2.2,6.0
2023-05-21T11:00:00,16.9,8.6,58.05,0.0,0.0,,0.0,0.0,23.9,34.0,1021.0,56.0,757.0,2.7,8.0
2023-05-21T12:00:00,17.5,9.1,57.96,0.0,0.0,,0.0,0.0,21.0,33.0,1020.6,75.6,864.0,3.1,9.0
2023-05-21T13:00:00,18.2,9.8,57.86,0.0,0.0,,0.0,0.0,19.9,30.0,1020.2,88.7,703.0,2.5,7.0
2023-05-21T14:00:00,17.7,8.9,56.57,0.0,0.0,,0.0,0.0,21.5,35.0,1020.2,67.0,696.0,2.5,7.0
2023-05-21T15:00:00,17.8,9.0,56.32,0.0,0.0,,0.0,0.0,17.6,39.0,1020.3,100.0,386.0,1.4,4.0
2023-05-21T16:00:00,18.3,8.5,52.65,0.0,0.0,,0.0,0.0,19.1,37.0,1019.8,94.5,439.0,1.6,4.0
2023-05-21T17:00:00,17.4,8.5,55.71,0.0,0.0,,0.0,0.0,18.8,29.0,1020.0,89.7,235.0,0.8,2.0
2023-05-21T18:00:00,16.8,8.5,58.02,0.0,0.0,,0.0,0.0,18.9,37.0,1019.8,79.9,150.0,0.5,2.0
2023-05-21T19:00:00,16.3,9.2,62.51,0.0,0.0,,0.0,0.0,12.6,35.0,1019.8,99.2,95.0,0.3,1.0
2023-05-21T20:00:00,15.8,9.4,65.55,0.0,0.0,,0.0,0.0,9.7,35.0,1019.8,100.0,26.0,0.1,0.0
2023-05-21T21:00:00,15.2,9.4,68.22,0.0,0.0,,0.0,0.0,9.4,35.0,1020.0,91.6,9.0,0.0,0.0
2023-05-21T22:00:00,14.6,8.6,67.53,0.0,0.0,,0.0,0.0,10.6,22.0,1020.4,44.2,0.0,0.0,0.0
2023-05-21T23:00:00,13.2,7.0,66.24,0.0,0.0,,0.0,0.0,14.3,19.0,1020.5,55.5,0.0,0.0,0.0
2023-05-22T00:00:00,11.1,6.5,73.13,0.0,0.0,,0.0,0.0,6.0,343.0,1020.2,13.9,0.0,0.0,0.0
2023-05-22T01:00:00,9.6,6.3,79.76,0.0,0.0,,0.0,0.0,7.4,341.0,1020.1,9.8,0.0,0.0,0.0
2023-05-22T02:00:00,9.1,6.2,82.25,0.0,0.0,,0.0,0.0,4.3,14.0,1020.0,8.4,0.0,0.0,0.0
2023-05-22T03:00:00,8.5,6.3,85.54,0.0,0.0,,0.0,0.0,5.8,351.0,1019.6,17.6,0.0,0.0,0.0
2023-05-22T04:00:00,7.8,5.8,87.16,0.0,0.0,,0.0,0.0,7.4,351.0,1019.3,19.4,0.0,0.0,0.0
2023-05-22T05:00:00,8.2,6.3,87.75,0.0,0.0,,0.0,0.0,12.7,360.0,1018.9,56.9,7.0,0.0,0.0
2023-05-22T06:00:00,9.1,7.2,87.72,0.0,0.0,,0.0,0.0,12.8,6.0,1019.0,46.4,29.0,0.1,0.0
2023-05-22T07:00:00,11.4,7.9,79.44,0.0,0.0,,0.0,0.0,10.8,7.0,1019.3,74.7,71.0,0.3,1.0
2023-05-22T08:00:00,12.0,8.7,80.47,0.0,0.0,,0.0,0.0,8.2,14.0,1019.8,95.8,128.0,0.5,1.0
2023-05-22T09:00:00,13.4,9.1,75.03,0.0,0.0,,0.0,0.0,11.0,4.0,1020.0,100.0,213.0,0.8,2.0
2023-05-22T10:00:00,14.9,9.7,70.71,0.0,0.0,,0.0,0.0,19.7,356.0,1020.1,98.6,361.0,1.3,4.0
2023-05-22T11:00:00,16.6,10.0,65.07,0.0,0.0,,0.0,0.0,21.6,356.0,1020.2,99.2,465.0,1.7,5.0
2023-05-22T12:00:00,17.6,10.8,64.29,0.0,0.0,,0.0,0.0,23.2,359.0,1020.0,99.2,628.0,2.3,6.0
2023-05-22T13:00:00,18.3,10.3,59.32,0.0,0.0,,0.0,0.0,25.7,6.0,1019.8,66.5,776.0,2.8,8.0
2023-05-22T14:00:00,,9.9,56.59,0.0,0.0,,0.0,0.0,26.6,1.0,1019.9,58.4,698.0,2.5,7.0
2023-05-22T15:00:00,18.6,9.5,55.21,0.0,0.0,,0.0,0.0,25.3,9.0,1020.1,65.6,658.0,2.4,7.0
2023-05-22T16:00:00,19.2,10.3,56.24,0.0,0.0,,0.0,0.0,22.8,2.0,1020.1,69.6,441.0,1.6,4.0
2023-05-22T17:00:00,18.8,9.8,55.75,0.0,0.0,,0.0,0.0,22.1,7.0,1020.4,60.3,514.0,1.9,5.0
2023-05-22T18:00:00,19.2,10.1,55.43,0.0,0.0,,0.0,0.0,17.7,12.0,1020.4,28.4,299.0,1.1,3.0
2023-05-22T19:00:00,18.6,10.4,59.0,0.0,0.0,,0.0,0.0,16.7,12.0,1020.6,73.8,201.0,0.7,2.0
2023-05-22T20:00:00,17.8,9.4,57.67,0.0,0.0,,0.0,0.0,19.4,28.0,1021.5,18.9,52.0,0.2,1.0
2023-05-22T21:00:00,16.0,7.9,58.31,0.0,0.0,,0.0,0.0,18.6,29.0,1022.4,53.4,14.0,0.1,0.0
2023-05-22T22:00:00,14.2,4.5,51.87,0.0,0.0,,0.0,0.0,15.4,19.0,1023.1,14.2,0.0,0.0,0.0
2023-05-22T23:00:00,12.4,4.7,59.52,0.0,0.0,,0.0,0.0,10.1,19.0,1023.6,0.0,0.0,0.0,0.0
2023-05-23T00:00:00,10.6,4.8,67.02,0.0,0.0,,0.0,0.0,10.5,14.0,1024.2,0.0,0.0,0.0,0.0
2023-05-23T01:00:00,10.0,4.3,67.71,0.0,0.0,,0.0,0.0,8.7,10.0,1024.5,0.0,0.0,0.0,0.0
2023-05-23T02:00:00,9.8,4.7,70.34,0.0,0.0,,0.0,0.0,13.9,4.0,1024.6,0.0,0.0,0.0,0.0
2023-05-23T03:00:00,9.2,5.4,77.27,0.0,0.0,,0.0,0.0,12.0,7.0,1024.6,0.0,0.0,0.0,0.0
2023-05-23T04:00:00,9.0,5.9,80.5,0.0,0.0,,0.0,0.0,8.1,6.0,1024.9,1.4,0.0,0.0,0.0
2023-05-23T05:00:00,8.4,6.4,87.13,0.0,0.0,,0.0,0.0,10.7,359.0,1025.1,12.4,7.0,0.0,0.0
2023-05-23T06:00:00,8.5,7.1,91.43,0.0,0.0,,0.0,0.0,14.9,3.0,1025.4,0.0,34.0,0.1,0.0
2023-05-23T07:00:00,10.0,8.3,89.12,0.0,0.0,,0.0,0.0,13.7,4.0,1025.9,0.0,145.0,0.5,1.0
2023-05-23T08:00:00,12.4,8.0,74.44,0.0,0.0,,0.0,0.0,15.8,22.0,1026.1,1.5,241.0,0.9,2.0
2023-05-23T09:00:00,14.4,,62.02,0.0,0.0,,0.0,0.0,14.5,40.0,1026.2,3.2,419.0,1.5,4.0
2023-05-23T10:00:00,14.9,6.5,57.13,0.0,0.0,,0.0,0.0,20.7,35.0,1026.2,36.4,542.0,2.0,5.0
2023-05-23T11:00:00,15.9,7.7,58.31,0.0,0.0,,0.0,0.0,19.7,34.0,1026.3,46.2,588.0,2.1,6.0
2023-05-23T12:00:00,15.8,6.1,52.28,0.0,0.0,,0.0,0.0,21.7,50.0,1026.6,79.2,507.0,1.8,5.0
2023-05-23T13:00:00,16.3,6.1,50.76,0.0,0.0,,0.0,0.0,19.0,56.0,1026.7,84.1,585.0,2.1,6.0
2023-05-23T14:00:00,17.2,7.3,52.13,0.0,0.0,,0.0,0.0,16.0,56.0,1026.7,75.0,761.0,2.7,8.0
2023-05-23T15:00:00,17.6,7.6,52.04,0.0,0.0,,0.0,0.0,14.4,49.0,1026.2,72.5,516.0,1.9,5.0
2023-05-23T16:00:00,17.2,7.6,53.46,0.0,0.0,,0.0,0.0,12.1,45.0,1026.3,90.5,498.0,1.8,5.0
2023-05-23T17:00:00,14.8,9.1,68.41,0.0,0.0,,0.0,0.0,14.1,234.0,1026.5,89.1,204.0,0.7,2.0
2023-05-23T18:00:00,14.6,8.5,67.02,0.0,0.0,,0.0,0.0,9.7,159.0,1026.4,83.4,223.0,0.8,2.0
2023-05-23T19:00:00,13.8,8.9,72.07,0.0,0.0,,0.0,0.0,8.3,263.0,1026.2,60.6,190.0,0.7,2.0
2023-05-23T20:00:00,13.0,8.5,74.13,0.0,0.0,,0.0,0.0,6.1,262.0,1026.4,34.7,49.0,0.2,0.0
2023-05-23T21:00:00,11.3,7.9,79.42,0.0,0.0,,0.0,0.0,5.2,282.0,1026.5,11.3,12.0,0.0,0.0
2023-05-23T22:00:00,9.9,7.8,86.75,0.0,0.0,,0.0,0.0,2.6,51.0,1027.1,0.0,0.0,0.0,0.0
2023-05-23T23:00:00,8.4,6.9,89.98,0.0,0.0,,0.0,0.0,0.7,358.0,1027.1,0.0,0.0,0.0,0.0
2023-05-24T00:00:00,7.9,6.6,91.49,0.0,0.0,,0.0,0.0,3.8,359.0,1027.1,0.0,0.0,0.0,0.0
2023-05-24T01:00:00,7.1,6.1,93.77,0.0,0.0,,0.0,0.0,3.4,309.0,1027.0,0.0,0.0,0.0,0.0
2023-05-24T02:00:00,6.8,6.0,94.27,0.0,0.0,,0.0,0.0,5.3,350.0,1026.7,13.7,0.0,0.0,0.0
2023-05-24T03:00:00,6.7,5.9,94.49,0.0,0.0,,0.0,0.0,4.8,7.0,1026.5,45.7,0.0,0.0,0.0
2023-05-24T04:00:00,6.5,5.9,95.39,0.0,0.0,,0.0,0.0,5.0,353.0,1026.1,38.5,0.0,0.0,0.0
2023-05-24T05:00:00,6.5,6.0,96.54,0.0,0.0,,0.0,0.0,4.9,358.0,1026.1,,9.0,0.0,0.0
2023-05-24T06:00:00,7.5,7.1,97.23,0.0,0.0,,0.0,0.0,5.0,324.0,1026.1,3.0,35.0,0.1,0.0
2023-05-24T07:00:00,10.3,9.6,95.34,0.0,0.0,,0.0,0.0,3.8,336.0,1026.0,0.0,133.0,0.5,1.0
2023-05-24T08:00:00,12.3,9.7,84.22,0.0,0.0,,0.0,0.0,10.3,6.0,1026.3,0.0,204.0,0.7,2.0
2023-05-24T09:00:00,13.9,9.4,74.61,0.0,0.0,,0.0,0.0,14.3,7.0,1026.1,2.5,435.0,1.6,4.0
2023-05-24T10:00:00,15.8,9.6,66.6,0.0,0.0,,0.0,0.0,13.2,340.0,1025.9,0.0,602.0,2.2,6.0
2023-05-24T11:00:00,16.9,9.3,60.9,0.0,0.0,,0.0,0.0,11.3,347.0,1025.7,18.8,620.0,2.2,6.0
2023-05-24T12:00:00,17.9,11.4,65.63,0.0,0.0,,0.0,0.0,9.6,291.0,1025.4,6.8,796.0,2.9,8.0
2023-05-24T13:00:00,17.0,10.4,64.98,0.0,0.0,,0.0,0.0,20.0,241.0,1025.3,19.6,841.0,3.0,8.0
2023-05-24T14:00:00,17.8,11.0,64.24,0.0,0.0,,0.0,0.0,18.4,246.0,1025.0,32.7,783.0,2.8,8.0
2023-05-24T15:00:00,18.0,11.5,66.1,0.0,0.0,,0.0,0.0,19.3,268.0,1024.8,24.1,658.0,2.4,7.0
2023-05-24T16:00:00,18.7,12.4,66.96,0.0,0.0,,0.0,0.0,16.9,260.0,1024.5,45.6,683.0,2.5,7.0
2023-05-24T17:00:00,16.8,11.3,69.66,0.0,0.0,,0.0,0.0,15.1,266.0,1024.4,58.1,412.0,1.5,4.0
2023-05-24T18:00:00,16.8,11.6,71.48,0.0,0.0,,0.0,0.0,15.3,266.0,1024.2,40.7,322.0,1.2,3.0
2023-05-24T19:00:00,15.5,11.1,74.9,0.0,0.0,,0.0,0.0,10.6,87.0,1024.5,6.8,142.0,0.5,1.0
2023-05-24T20:00:00,14.8,10.6,76.07,0.0,0.0,,0.0,0.0,7.5,122.0,1024.8,10.7,45.0,0.2,0.0
2023-05-24T21:00:00,13.2,10.0,81.06,0.0,0.0,,0.0,0.0,1.6,40.0,1025.0,0.0,15.0,0.1,0.0
2023-05-24T22:00:00,11.6,9.6,87.04,0.0,0.0,,0.0,0.0,6.0,39.0,1025.5,0.0,0.0,0.0,0.0
2023-05-24T23:00:00,11.8,10.4,91.14,0.0,0.0,,0.0,0.0,11.3,45.0,1025.9,3.6,0.0,0.0,0.0
2023-05-25T00:00:00,12.1,9.1,82.12,0.0,0.0,,0.0,0.0,9.8,61.0,1026.2,0.0,0.0,0.0,0.0
2023-05-25T01:00:00,10.5,7.9,83.85,0.0,0.0,,0.0,0.0,7.9,43.0,1026.5,0.0,0.0,0.0,0.0
2023-05-25T02:00:00,9.3,7.6,89.3,0.0,0.0,,0.0,0.0,9.4,31.0,1026.7,0.0,0.0,0.0,0.0
2023-05-25T03:00:00,8.4,7.4,93.15,0.0,0.0,,0.0,0.0,8.1,1.0,1027.3,1.4,0.0,0.0,0.0
2023-05-25T04:00:00,8.3,7.6,95.42,0.0,0.0,,0.0,0.0,8.2,4.0,1027.4,40.0,0.0,0.0,0.0
2023-05-25T05:00:00,8.7,8.0,95.62,0.0,0.0,,0.0,0.0,10.6,3.0,1027.5,51.9,7.0,0.0,0.0
2023-05-25T06:00:00,9.5,8.8,95.61,0.0,0.0,,0.0,0.0,12.2,360.0,1027.8,51.9,22.0,0.1,0.0
2023-05-25T07:00:00,10.7,9.7,93.21,0.0,0.0,,0.0,0.0,9.8,6.0,1028.3,68.0,80.0,0.3,1.0
2023-05-25T08:00:00,11.8,10.2,89.88,0.0,0.0,,0.0,0.0,10.0,16.0,1028.6,62.1,203.0,0.7,2.0
2023-05-25T09:00:00,14.4,11.0,79.6,0.0,0.0,,0.0,0.0,12.3,34.0,1028.9,72.8,407.0,1.5,4.0
2023-05-25T10:00:00,15.9,10.0,67.95,0.0,0.0,,0.0,0.0,12.1,54.0,1029.0,78.5,603.0,2.2,6.0
2023-05-25T11:00:00,16.3,9.4,64.07,0.0,0.0,,0.0,0.0,13.0,34.0,1029.1,68.3,354.0,1.3,4.0
2023-05-25T12:00:00,16.6,9.9,64.67,0.0,0.0,,0.0,0.0,14.6,30.0,1029.3,86.9,294.0,1.1,3.0
2023-05-25T13:00:00,17.2,9.8,61.6,0.0,0.0,,0.0,0.0,14.5,47.0,1029.1,81.5,313.0,1.1,3.0
2023-05-25T14:00:00,15.5,8.6,63.48,0.0,0.0,,0.0,0.0,14.8,56.0,1029.0,57.2,,,
2023-05-25T15:00:00,17.9,11.4,65.73,0.0,0.0,,0.0,0.0,16.6,63.0,1029.0,71.9,637.0,2.3,6.0
2023-05-25T16:00:00,17.9,9.9,59.34,0.0,0.0,,0.0,0.0,21.3,55.0,1028.9,56.4,727.0,2.6,7.0
2023-05-25T17:00:00,17.3,10.0,62.13,0.0,0.0,,0.0,0.0,20.4,54.0,1029.1,74.6,571.0,2.1,6.0
2023-05-25T18:00:00,16.5,9.6,63.9,0.0,0.0,,0.0,0.0,21.8,48.0,1029.2,58.7,422.0,1.5,4.0
2023-05-25T19:00:00,15.8,9.2,64.53,0.0,0.0,,0.0,0.0,16.2,47.0,1029.3,46.8,265.0,1.0,3.0
2023-05-25T20:00:00,14.4,8.9,69.2,0.0,0.0,,0.0,0.0,14.4,51.0,1029.5,48.3,39.0,0.1,0.0
2023-05-25T21:00:00,12.5,8.3,75.78,0.0,0.0,,0.0,0.0,12.3,65.0,1029.8,7.6,13.0,0.0,0.0
2023-05-25T22:00:00,10.8,7.9,82.08,0.0,0.0,,0.0,0.0,7.8,25.0,1030.1,0.0,0.0,0.0,0.0
2023-05-25T23:00:00,9.8,7.4,84.81,0.0,0.0,,0.0,0.0,9.2,42.0,1030.1,0.0,0.0,0.0,0.0
2023-05-26T00:00:00,9.7,7.6,86.88,0.0,0.0,,0.0,0.0,11.9,44.0,1030.2,0.0,0.0,0.0,0.0
2023-05-26T01:00:00,8.5,6.7,88.6,0.0,0.0,,0.0,0.0,9.3,41.0,1030.4,0.0,0.0,0.0,0.0
2023-05-26T02:00:00,7.6,6.5,92.8,0.0,0.0,,0.0,0.0,8.8,25.0,1030.4,8.2,0.0,0.0,0.0
2023-05-26T03:00:00,7.4,6.5,93.99,0.0,0.0,,0.0,0.0,11.7,16.0,1030.3,40.1,0.0,0.0,0.0
2023-05-26T04:00:00,7.1,6.2,94.19,0.0,0.0,,0.0,0.0,10.7,2.0,1030.2,51.9,0.0,0.0,0.0
2023-05-26T05:00:00,6.9,6.0,93.73,0.0,0.0,,0.0,0.0,11.3,11.0,1030.3,62.6,7.0,0.0,0.0
2023-05-26T06:00:00,7.6,6.4,92.25,0.0,0.0,,0.0,0.0,10.0,20.0,1030.6,87.5,18.0,0.1,0.0
2023-05-26T07:00:00,10.2,8.2,87.32,0.0,0.0,,0.0,0.0,11.0,27.0,1030.8,87.5,117.0,0.4,1.0
2023-05-26T08:00:00,11.1,7.7,79.38,0.0,0.0,,0.0,0.0,15.6,43.0,1030.8,98.7,223.0,0.8,2.0
2023-05-26T09:00:00,13.3,7.4,67.48,0.0,0.0,,0.0,0.0,20.1,60.0,1031.2,89.1,471.0,1.7,5.0
2023-05-26T10:00:00,14.4,7.7,64.07,0.0,0.0,,0.0,0.0,21.9,42.0,1031.2,55.9,628.0,2.3,6.0
2023-05-26T11:00:00,15.2,7.4,59.47,0.0,0.0,,0.0,0.0,22.4,60.0,1031.0,3.0,748.0,2.7,7.0
2023-05-26T12:00:00,16.6,8.2,57.68,0.0,0.0,,0.0,0.0,21.4,45.0,1030.7,3.6,823.0,3.0,8.0
2023-05-26T13:00:00,17.4,7.8,53.35,0.0,0.0,,0.0,0.0,21.4,45.0,1030.4,0.0,859.0,3.1,9.0
2023-05-26T14:00:00,18.5,7.5,49.03,0.0,0.0,,0.0,0.0,19.9,48.0,1030.3,0.0,853.0,3.1,9.0
2023-05-26T15:00:00,18.4,3.7,37.59,0.0,0.0,,0.0,0.0,22.9,57.0,1030.0,0.0,799.0,2.9,8.0
2023-05-26T16:00:00,18.5,4.1,38.59,0.0,0.0,,0.0,0.0,24.0,52.0,1029.9,0.0,709.0,2.6,7.0
2023-05-26T17:00:00,18.3,2.8,35.58,0.0,0.0,,0.0,0.0,22.5,60.0,1029.5,0.0,586.0,2.1,6.0
2023-05-26T18:00:00,17.4,3.3,39.12,0.0,0.0,,0.0,0.0,20.6,42.0,1029.4,0.0,425.0,1.5,4.0
2023-05-26T19:00:00,15.9,3.4,42.99,0.0,0.0,,0.0,0.0,20.9,44.0,1029.3,0.0,270.0,1.0,3.0
2023-05-26T20:00:00,14.0,4.9,54.27,0.0,0.0,,0.0,0.0,17.6,44.0,1029.5,0.0,44.0,0.2,0.0
2023-05-26T21:00:00,11.8,5.8,66.99,0.0,0.0,,0.0,0.0,18.7,34.0,1029.7,0.0,15.0,0.1,0.0
2023-05-26T22:00:00,10.6,7.0,78.36,0.0,0.0,,0.0,0.0,17.0,35.0,1029.9,0.0,0.0,0.0,0.0
2023-05-26T23:00:00,9.8,7.2,83.94,0.0,0.0,,0.0,0.0,12.7,35.0,1029.8,6.9,0.0,0.0,0.0
2023-05-27T00:00:00,9.8,7.8,87.31,0.0,0.0,,0.0,0.0,18.0,34.0,1029.5,39.1,0.0,0.0,0.0
2023-05-27T01:00:00,9.3,7.9,91.02,0.0,0.0,,0.0,0.0,17.9,26.0,1029.0,0.0,0.0,0.0,0.0
2023-05-27T02:00:00,9.5,7.8,89.32,0.0,0.0,,0.0,0.0,13.1,40.0,1028.7,5.5,0.0,0.0,0.0
2023-05-27T03:00:00,9.6,7.8,88.26,0.0,0.0,,0.0,0.0,13.1,44.0,1028.3,5.5,0.0,0.0,0.0
2023-05-27T04:00:00,9.2,7.8,90.82,0.0,0.0,,0.0,0.0,10.4,30.0,1027.9,13.7,0.0,0.0,0.0
2023-05-27T05:00:00,9.3,8.0,91.57,0.0,0.0,,0.0,0.0,15.5,44.0,1027.8,36.8,9.0,0.0,0.0
2023-05-27T06:00:00,9.6,8.3,91.59,0.0,0.0,,0.0,0.0,18.5,49.0,1027.6,22.2,25.0,0.1,0.0
2023-05-27T07:00:00,10.7,8.9,88.29,0.0,0.0,,0.0,0.0,19.1,45.0,1027.7,51.9,122.0,0.4,1.0
2023-05-27T08:00:00,12.0,9.5,84.22,0.0,0.0,,0.0,0.0,19.2,39.0,1027.5,47.7,217.0,0.8,2.0
2023-05-27T09:00:00,13.5,9.5,76.88,0.0,0.0,,0.0,0.0,18.9,39.0,1027.0,58.9,455.0,1.6,5.0
2023-05-27T10:00:00,15.3,9.3,67.22,0.0,0.0,,0.0,0.0,17.1,52.0,1026.6,44.2,603.0,2.2,6.0
2023-05-27T11:00:00,16.5,9.5,63.49,0.0,0.0,,0.0,0.0,15.6,61.0,1026.1,0.0,735.0,2.6,7.0
2023-05-27T12:00:00,17.4,9.0,57.78,0.0,0.0,,0.0,0.0,13.2,45.0,1025.6,0.0,803.0,2.9,8.0
2023-05-27T13:00:00,18.6,8.7,52.66,0.0,0.0,,0.0,0.0,15.8,47.0,1024.9,0.0,849.0,3.1,8.0
2023-05-27T14:00:00,19.8,,51.53,0.0,0.0,,0.0,0.0,15.4,65.0,1024.2,3.6,841.0,3.0,8.0
2023-05-27T15:00:00,,10.9,58.26,0.0,0.0,,0.0,0.0,11.5,16.0,1023.8,0.0,790.0,2.8,8.0
2023-05-27T16:00:00,17.6,11.2,65.96,0.0,0.0,,0.0,0.0,14.7,143.0,1023.6,0.0,698.0,2.5,7.0
2023-05-27T17:00:00,17.0,11.2,68.44,0.0,0.0,,0.0,0.0,12.9,143.0,1023.5,0.0,567.0,2.0,6.0
2023-05-27T18:00:00,17.0,10.3,64.78,0.0,0.0,,0.0,0.0,10.6,162.0,1023.1,0.0,407.0,1.5,4.0
2023-05-27T19:00:00,17.5,5.0,43.47,0.0,0.0,,0.0,0.0,15.4,46.0,1022.8,0.0,246.0,0.9,2.0
2023-05-27T20:00:00,15.7,4.1,46.12,0.0,0.0,,0.0,0.0,11.9,25.0,1022.8,0.0,53.0,0.2,1.0
2023-05-27T21:00:00,12.8,3.5,53.06,0.0,0.0,,0.0,0.0,10.1,52.0,1022.9,0.0,17.0,0.1,0.0
2023-05-27T22:00:00,10.9,4.4,64.12,0.0,0.0,,0.0,0.0,7.2,44.0,1023.1,0.0,0.0,0.0,0.0
2023-05-27T23:00:00,10.1,5.2,71.7,0.0,0.0,,0.0,0.0,7.7,30.0,1023.1,0.0,0.0,0.0,0.0
2023-05-28T00:00:00,8.8,5.8,81.8,0.0,0.0,,0.0,0.0,11.1,14.0,1023.0,0.0,0.0,0.0,0.0
2023-05-28T01:00:00,8.6,5.9,83.05,0.0,0.0,,0.0,0.0,14.6,8.0,1022.7,0.0,0.0,0.0,0.0
2023-05-28T02:00:00,8.3,6.0,85.63,0.0,0.0,,0.0,0.0,19.1,9.0,1022.2,0.0,0.0,0.0,0.0
2023-05-28T03:00:00,7.6,5.7,87.68,0.0,0.0,,0.0,0.0,11.8,1.0,1022.0,0.0,0.0,0.0,0.0
2023-05-28T04:00:00,6.6,5.5,92.13,0.0,0.0,,0.0,0.0,14.7,358.0,1022.0,0.0,0.0,0.0,0.0
2023-05-28T05:00:00,6.1,5.4,94.71,0.0,0.0,,0.0,0.0,16.5,4.0,1022.1,0.0,9.0,0.0,0.0
2023-05-28T06:00:00,6.9,6.0,94.56,0.0,0.0,,0.0,0.0,18.1,360.0,1022.2,0.0,35.0,0.1,0.0
2023-05-28T07:00:00,8.6,7.2,91.13,0.0,0.0,,0.0,0.0,14.0,13.0,1022.4,13.7,154.0,0.6,2.0
2023-05-28T08:00:00,10.7,8.4,85.38,0.0,0.0,,0.0,0.0,16.0,18.0,1022.3,13.7,246.0,0.9,2.0
2023-05-28T09:00:00,13.5,9.3,75.59,0.0,0.0,,0.0,0.0,18.9,1.0,1022.5,0.0,483.0,1.7,5.0
2023-05-28T10:00:00,16.2,9.3,63.86,0.0,0.0,,0.0,0.0,17.8,1.0,1022.4,0.0,617.0,2.2,6.0
2023-05-28T11:00:00,18.0,8.4,53.19,0.0,0.0,,0.0,0.0,19.2,27.0,1022.4,0.0,739.0,2.7,7.0
2023-05-28T12:00:00,19.4,7.4,45.87,0.0,0.0,,0.0,0.0,19.8,40.0,1022.1,0.0,794.0,2.9,8.0
2023-05-28T13:00:00,20.6,5.4,36.97,0.0,0.0,,0.0,0.0,19.6,42.0,1022.0,3.0,826.0,3.0,8.0
2023-05-28T14:00:00,21.1,5.6,36.44,0.0,0.0,,0.0,0.0,21.5,49.0,1021.9,0.0,788.0,2.8,8.0
2023-05-28T15:00:00,20.8,6.9,40.73,0.0,0.0,,0.0,0.0,22.6,43.0,1021.9,13.6,793.0,2.9,8.0
2023-05-28T16:00:00,20.8,5.3,36.2,0.0,0.0,,0.0,0.0,23.4,41.0,1021.9,0.0,628.0,2.3,6.0
2023-05-28T17:00:00,20.2,4.5,35.51,0.0,0.0,,0.0,0.0,26.8,58.0,1021.7,4.6,555.0,2.0,6.0
2023-05-28T18:00:00,19.3,6.4,42.92,0.0,0.0,,0.0,0.0,28.3,58.0,1021.7,3.0,433.0,1.6,4.0
2023-05-28T19:00:00,18.1,6.7,47.43,0.0,0.0,,0.0,0.0,26.9,58.0,1022.2,0.0,280.0,1.0,3.0
2023-05-28T20:00:00,16.3,7.5,56.01,0.0,0.0,,0.0,0.0,21.9,36.0,1022.7,0.0,,0.3,1.0
2023-05-28T21:00:00,14.5,8.1,65.35,0.0,0.0,,0.0,0.0,19.1,35.0,1023.2,0.0,17.0,0.1,0.0
2023-05-28T22:00:00,13.6,8.2,70.05,0.0,0.0,,0.0,0.0,21.4,43.0,1023.8,0.0,0.0,0.0,0.0
2023-05-28T23:00:00,12.6,9.3,80.1,0.0,0.0,,0.0,0.0,17.1,42.0,1024.3,31.6,0.0,0.0,0.0
2023-05-29T00:00:00,12.1,8.6,79.06,0.0,0.0,,0.0,0.0,21.0,42.0,1024.9,10.3,0.0,0.0,0.0
2023-05-29T01:00:00,11.0,7.6,79.31,0.0,0.0,,0.0,0.0,23.5,33.0,1024.9,32.0,0.0,0.0,0.0
2023-05-29T02:00:00,10.4,6.7,77.66,0.0,0.0,,0.0,0.0,22.1,25.0,1025.0,0.0,0.0,0.0,0.0
2023-05-29T03:00:00,10.0,6.8,80.95,0.0,0.0,,0.0,0.0,20.5,25.0,1024.9,0.0,0.0,0.0,0.0
2023-05-29T04:00:00,9.5,6.7,82.19,0.0,0.0,,0.0,0.0,19.2,25.0,1024.8,0.0,0.0,0.0,0.0
2023-05-29T05:00:00,9.0,6.6,84.73,0.0,0.0,,0.0,0.0,17.2,17.0,1025.0,0.0,7.0,0.0,0.0
2023-05-29T06:00:00,9.1,6.4,83.44,0.0,0.0,,0.0,0.0,13.1,17.0,1025.5,0.0,40.0,0.1,0.0
2023-05-29T07:00:00,10.3,6.8,78.86,0.0,0.0,,0.0,0.0,16.8,27.0,1025.8,5.5,158.0,0.6,2.0
2023-05-29T08:00:00,12.0,7.1,71.96,0.0,0.0,,0.0,0.0,21.8,28.0,1026.0,21.0,244.0,0.9,2.0
2023-05-29T09:00:00,13.3,7.3,66.71,0.0,0.0,,0.0,0.0,21.4,49.0,1026.2,50.0,467.0,1.7,5.0
2023-05-29T10:00:00,14.3,7.8,64.9,0.0,0.0,,0.0,0.0,25.0,41.0,1026.2,72.9,630.0,2.3,6.0
2023-05-29T11:00:00,15.2,7.6,60.42,0.0,0.0,,0.0,0.0,29.1,43.0,1026.5,81.6,725.0,2.6,7.0
2023-05-29T12:00:00,15.2,7.7,60.91,0.0,0.0,,0.0,0.0,29.3,42.0,1026.7,66.1,767.0,2.8,8.0
2023-05-29T13:00:00,16.2,7.0,54.52,0.0,0.0,,0.0,0.0,29.7,45.0,1026.6,58.4,862.0,3.1,9.0
2023-05-29T14:00:00,16.7,7.6,55.29,0.0,0.0,,0.0,0.0,26.6,52.0,1026.4,14.5,845.0,3.0,8.0
2023-05-29T15:00:00,16.3,6.9,53.9,0.0,0.0,,0.0,0.0,31.9,58.0,1026.5,4.9,785.0,2.8,8.0
2023-05-29T16:00:00,16.5,7.0,53.41,0.0,0.0,,0.0,0.0,27.8,56.0,1026.4,3.0,684.0,2.5,7.0
2023-05-29T17:00:00,16.4,6.1,50.73,0.0,0.0,,0.0,0.0,26.5,51.0,1026.4,0.0,585.0,2.1,6.0
2023-05-29T18:00:00,16.0,4.9,47.75,0.0,0.0,,0.0,0.0,26.3,44.0,1026.4,0.0,425.0,1.5,4.0
2023-05-29T19:00:00,15.1,3.1,44.74,0.0,0.0,,0.0,0.0,26.5,49.0,1026.3,0.0,270.0,1.0,3.0
2023-05-29T20:00:00,13.6,3.2,49.46,0.0,0.0,,0.0,0.0,23.9,50.0,1026.4,0.0,44.0,0.2,0.0
2023-05-29T21:00:00,12.1,4.1,58.22,0.0,0.0,,0.0,0.0,23.5,42.0,1026.8,0.0,12.0,0.0,0.0
2023-05-29T22:00:00,11.1,5.8,70.12,0.0,0.0,,0.0,0.0,23.0,42.0,1027.2,0.0,0.0,0.0,0.0
2023-05-29T23:00:00,10.5,6.3,74.94,0.0,0.0,,0.0,0.0,25.9,33.0,1027.2,0.0,0.0,0.0,0.0
2023-05-30T00:00:00,10.0,6.3,77.64,0.0,0.0,,0.0,0.0,19.0,27.0,1027.5,9.8,0.0,0.0,0.0
2023-05-30T01:00:00,9.5,6.5,81.78,0.0,0.0,,0.0,0.0,19.5,34.0,1027.6,28.1,0.0,0.0,0.0
2023-05-30T02:00:00,9.1,6.7,84.83,0.0,0.0,,0.0,0.0,17.4,33.0,1027.7,19.2,0.0,0.0,0.0
2023-05-30T03:00:00,8.7,6.5,86.23,0.0,0.0,,0.0,0.0,16.9,34.0,1027.8,24.3,0.0,0.0,0.0
2023-05-30T04:00:00,8.0,6.3,88.88,0.0,0.0,,0.0,0.0,16.7,27.0,1027.9,24.9,0.0,0.0,0.0
2023-05-30T05:00:00,7.6,6.2,90.31,0.0,0.0,,0.0,0.0,9.8,11.0,1028.2,74.4,7.0,0.0,0.0
2023-05-30T06:00:00,8.5,6.8,89.03,0.0,0.0,,0.0,0.0,13.3,,1028.2,62.6,33.0,0.1,0.0
2023-05-30T07:00:00,10.6,7.7,82.56,0.0,0.0,,0.0,0.0,16.8,35.0,1028.4,83.1,154.0,0.6,2.0
2023-05-30T08:00:00,12.3,7.4,72.05,0.0,0.0,,0.0,0.0,25.0,42.0,1028.6,83.1,239.0,0.9,2.0
2023-05-30T09:00:00,13.0,7.3,68.51,0.0,0.0,,0.0,0.0,29.0,36.0,1028.7,87.9,400.0,1.4,4.0
2023-05-30T10:00:00,14.1,7.9,66.43,0.0,0.0,,0.0,0.0,29.1,44.0,1028.7,82.8,563.0,2.0,6.0
2023-05-30T11:00:00,14.8,7.8,62.58,0.0,0.0,,0.0,0.0,24.5,57.0,1028.8,78.6,708.0,2.5,7.0
2023-05-30T12:00:00,15.8,8.3,61.2,0.0,0.0,,0.0,0.0,30.3,44.0,1028.6,57.8,867.0,3.1,9.0
2023-05-30T13:00:00,16.9,9.0,59.6,0.0,0.0,,0.0,0.0,24.5,43.0,1028.2,34.0,856.0,3.1,9.0
2023-05-30T14:00:00,16.8,8.7,58.76,0.0,0.0,,0.0,0.0,26.1,51.0,1028.2,43.8,853.0,3.1,9.0
2023-05-30T15:00:00,17.2,8.7,57.2,0.0,0.0,,0.0,0.0,27.1,41.0,1027.9,53.9,802.0,2.9,8.0
2023-05-30T16:00:00,17.3,8.9,57.89,0.0,0.0,,0.0,0.0,26.2,35.0,1027.4,54.8,711.0,2.6,7.0
2023-05-30T17:00:00,16.5,9.6,63.68,0.0,0.0,,0.0,0.0,26.7,48.0,1027.3,61.7,512.0,1.8,5.0
2023-05-30T18:00:00,16.1,9.3,63.76,0.0,0.0,,0.0,0.0,24.1,48.0,1027.0,84.9,243.0,0.9,2.0
2023-05-30T19:00:00,14.8,9.4,69.98,0.0,0.0,,0.0,0.0,22.9,55.0,1027.0,87.9,74.0,0.3,1.0
2023-05-30T20:00:00,13.9,9.2,73.4,0.0,0.0,,0.0,0.0,20.3,48.0,1027.3,97.5,31.0,0.1,0.0
2023-05-30T21:00:00,13.4,8.7,73.06,0.0,0.0,,0.0,0.0,19.9,41.0,1027.4,100.0,16.0,0.1,0.0
2023-05-30T22:00:00,12.7,8.3,74.57,0.0,0.0,,0.0,0.0,28.3,41.0,1027.4,100.0,0.0,0.0,0.0
2023-05-30T23:00:00,12.5,8.2,75.37,0.0,0.0,,0.0,0.0,23.3,41.0,1027.3,100.0,0.0,0.0,0.0
2023-05-31T00:00:00,12.1,8.2,77.09,0.0,0.0,,0.0,0.0,22.1,42.0,1027.2,100.0,0.0,0.0,0.0
2023-05-31T01:00:00,12.0,7.8,75.86,0.0,0.0,,0.0,0.0,21.0,42.0,1027.2,,0.0,0.0,0.0
2023-05-31T02:00:00,11.4,8.0,80.03,0.0,0.0,,0.0,0.0,17.8,41.0,1027.0,100.0,0.0,0.0,0.0
2023-05-31T03:00:00,11.2,8.4,83.04,0.0,0.0,,0.0,0.0,15.8,41.0,1026.9,100.0,0.0,0.0,0.0
2023-05-31T04:00:00,10.9,8.8,87.0,0.0,0.0,,0.0,0.0,15.6,33.0,1026.6,92.0,0.0,0.0,0.0
2023-05-31T05:00:00,10.4,8.6,88.66,0.0,0.0,,0.0,0.0,14.3,23.0,1026.4,100.0,7.0,0.0,0.0
2023-05-31T06:00:00,10.9,9.1,88.71,0.0,0.0,,0.0,0.0,17.0,31.0,1026.6,100.0,23.0,0.1,0.0
2023-05-31T07:00:00,11.8,9.2,84.14,0.007,100.0,rain,0.0,0.0,18.7,25.0,1026.5,63.6,100.0,0.4,1.0
2023-05-31T08:00:00,12.8,9.3,79.01,0.0,0.0,,0.0,0.0,23.4,18.0,1026.2,86.8,248.0,0.9,2.0
2023-05-31T09:00:00,13.4,9.3,76.0,0.0,0.0,,0.0,0.0,21.2,33.0,1026.4,90.4,223.0,0.8,2.0
2023-05-31T10:00:00,15.0,10.2,73.08,0.0,0.0,,0.0,0.0,25.2,33.0,1025.8,66.5,600.0,2.2,6.0
2023-05-31T11:00:00,15.9,10.6,70.83,0.0,0.0,,0.0,0.0,23.6,33.0,1025.6,99.0,711.0,2.6,7.0
2023-05-31T12:00:00,16.4,10.9,69.57,0.0,0.0,,0.0,0.0,20.1,41.0,1025.5,86.6,840.0,3.0,8.0
2023-05-31T13:00:00,17.4,11.3,67.2,0.0,0.0,,0.0,0.0,25.9,42.0,1025.1,65.3,860.0,3.1,9.0
2023-05-31T14:00:00,18.2,11.0,62.83,0.0,0.0,,0.0,0.0,24.7,42.0,1024.6,37.9,851.0,3.1,9.0
2023-05-31T15:00:00,18.8,11.2,61.49,0.0,0.0,,0.0,0.0,27.1,42.0,1024.3,29.2,793.0,2.9,8.0
2023-05-31T16:00:00,19.3,11.7,61.24,0.0,0.0,,0.0,0.0,24.3,34.0,1024.1,11.0,673.0,2.4,7.0
2023-05-31T17:00:00,19.5,11.5,59.87,0.0,0.0,,0.0,0.0,24.8,41.0,1023.8,21.2,585.0,2.1,6.0
2023-05-31T18:00:00,19.0,11.5,61.76,0.0,0.0,,0.0,0.0,24.5,41.0,1023.6,13.7,436.0,1.6,4.0
2023-05-31T19:00:00,17.7,11.0,64.68,0.0,0.0,,0.0,0.0,24.2,49.0,1023.5,15.0,276.0,1.0,3.0
2023-05-31T20:00:00,16.0,10.8,71.42,0.0,0.0,,0.0,0.0,21.1,46.0,1023.8,17.5,49.0,0.2,0.0
2023-05-31T21:00:00,13.9,10.3,78.92,0.0,0.0,,0.0,0.0,25.0,41.0,1023.9,79.5,13.0,0.0,0.0
2023-05-31T22:00:00,12.9,9.9,81.64,0.0,0.0,,0.0,0.0,20.7,40.0,1024.2,87.5,0.0,0.0,0.0
2023-05-31T23:00:00,12.0,9.0,81.83,0.0,0.0,,0.0,0.0,26.8,32.0,1024.3,83.9,0.0,0.0,0.0
2023-06-01T00:00:00,11.7,8.8,82.07,0.0,0.0,,0.0,0.0,31.6,34.0,1024.1,80.4,0.0,0.0,0.0
2023-06-01T01:00:00,11.3,8.7,84.3,0.0,0.0,,0.0,0.0,16.6,340.0,1024.7,87.5,0.0,0.0,0.0
2023-06-01T02:00:00,11.0,8.3,83.85,0.0,0.0,,0.0,0.0,26.3,16.0,1024.5,87.5,0.0,0.0,0.0
2023-06-01T03:00:00,10.7,8.3,85.05,0.0,0.0,,0.0,0.0,30.5,30.0,1024.2,87.5,0.0,0.0,0.0
2023-06-01T04:00:00,10.1,8.1,87.13,0.0,0.0,,0.0,0.0,28.6,23.0,1024.2,87.5,0.0,0.0,0.0
2023-06-01T05:00:00,10.0,8.0,87.29,0.0,0.0,,0.0,0.0,27.5,24.0,1024.1,87.5,7.0,0.0,0.0
2023-06-01T06:00:00,10.1,8.0,87.14,0.0,0.0,,0.0,0.0,29.1,25.0,1024.2,87.5,21.0,0.1,0.0
2023-06-01T07:00:00,10.3,8.1,86.12,0.0,0.0,,0.0,0.0,23.1,32.0,1024.4,91.2,72.0,0.3,1.0
2023-06-01T08:00:00,11.3,8.5,82.79,0.0,0.0,,0.0,0.0,18.0,33.0,1024.6,85.2,164.0,0.6,2.0
2023-06-01T09:00:00,12.5,8.8,78.46,0.0,0.0,,0.0,0.0,25.5,27.0,1024.5,87.7,437.0,1.6,4.0
2023-06-01T10:00:00,13.5,9.4,76.22,0.0,0.0,,0.0,0.0,25.5,26.0,1024.6,100.0,633.0,2.3,6.0
2023-06-01T11:00:00,14.9,9.6,70.48,0.0,0.0,,0.0,0.0,25.8,35.0,1024.5,81.2,,2.7,7.0
2023-06-01T12:00:00,11.7,7.9,77.51,0.0,0.0,,0.0,0.0,14.8,50.0,1025.7,100.0,823.0,3.0,8.0
2023-06-01T13:00:00,16.7,10.1,65.08,0.0,0.0,,0.0,0.0,19.5,35.0,1024.3,59.1,862.0,3.1,9.0
2023-06-01T14:00:00,17.0,9.8,62.64,0.0,0.0,,0.0,0.0,24.0,35.0,1024.2,25.9,862.0,3.1,9.0
2023-06-01T15:00:00,18.0,10.2,60.22,0.0,0.0,,0.0,0.0,23.4,41.0,1023.9,5.3,808.0,2.9,8.0
2023-06-01T16:00:00,17.5,9.3,58.53,0.0,0.0,,0.0,0.0,15.9,34.0,1023.5,0.0,712.0,2.6,7.0
2023-06-01T17:00:00,18.6,9.8,56.5,0.0,0.0,,0.0,0.0,22.8,50.0,1023.0,0.0,592.0,2.1,6.0
2023-06-01T18:00:00,18.0,9.6,58.13,0.0,0.0,,0.0,0.0,23.8,41.0,1022.6,0.0,437.0,1.6,4.0
2023-06-01T19:00:00,17.2,9.9,62.17,0.0,0.0,,0.0,0.0,21.9,43.0,1022.5,0.0,260.0,0.9,3.0
2023-06-01T20:00:00,15.9,9.7,66.51,0.0,0.0,,0.0,0.0,19.6,43.0,1022.6,0.0,54.0,0.2,1.0
2023-06-01T21:00:00,13.8,9.8,76.69,0.0,0.0,,0.0,0.0,15.8,50.0,1023.0,75.6,15.0,0.1,0.0
2023-06-01T22:00:00,13.4,9.6,77.74,0.0,0.0,,0.0,0.0,21.1,49.0,1023.6,95.0,0.0,0.0,0.0
2023-06-01T23:00:00,13.0,8.8,75.69,0.0,0.0,,0.0,0.0,26.5,40.0,1023.6,100.0,0.0,0.0,0.0
2023-06-02T00:00:00,12.3,7.8,74.34,0.0,0.0,,0.0,0.0,20.9,49.0,1024.2,100.0,0.0,0.0,0.0
2023-06-02T01:00:00,11.9,7.6,74.88,0.0,0.0,,0.0,0.0,18.0,50.0,1024.4,100.0,0.0,0.0,0.0
2023-06-02T02:00:00,11.2,6.9,74.66,0.0,0.0,,0.0,0.0,22.0,41.0,1024.3,100.0,0.0,0.0,0.0
2023-06-02T03:00:00,11.0,6.9,75.93,0.0,0.0,,0.0,0.0,21.5,42.0,1024.0,100.0,0.0,0.0,0.0
2023-06-02T04:00:00,10.7,6.7,76.09,0.0,0.0,,0.0,0.0,20.7,33.0,1023.9,100.0,0.0,0.0,0.0
2023-06-02T05:00:00,10.7,6.4,75.11,0.0,0.0,,0.0,0.0,18.7,41.0,1024.0,100.0,0.0,0.0,0.0
2023-06-02T06:00:00,10.4,5.6,72.29,0.0,0.0,,0.0,0.0,21.3,45.0,1024.3,100.0,18.0,0.1,0.0
2023-06-02T07:00:00,10.7,6.0,72.75,0.0,0.0,,0.0,0.0,19.1,46.0,1024.2,99.2,53.0,0.2,1.0
2023-06-02T08:00:00,10.6,5.5,71.03,0.0,0.0,,0.0,0.0,23.3,31.0,1024.4,99.2,133.0,0.5,1.0
2023-06-02T09:00:00,11.2,5.8,69.53,0.0,0.0,,0.0,0.0,23.1,40.0,1024.4,99.2,204.0,0.7,2.0
2023-06-02T10:00:00,12.0,6.2,67.56,0.0,0.0,,0.0,0.0,23.5,57.0,1024.3,99.2,256.0,0.9,3.0
2023-06-02T11:00:00,13.1,6.5,64.38,0.0,0.0,,0.0,0.0,22.1,42.0,1024.2,94.1,274.0,1.0,3.0
2023-06-02T12:00:00,14.4,7.0,61.14,0.0,0.0,,0.0,0.0,21.7,49.0,1024.3,78.0,433.0,1.6,4.0
2023-06-02T13:00:00,15.4,6.9,56.73,0.0,0.0,,0.0,0.0,21.2,65.0,1023.9,44.7,795.0,2.9,8.0
2023-06-02T14:00:00,16.5,7.3,54.63,0.0,0.0,,0.0,0.0,17.9,42.0,1023.5,38.8,878.0,3.2,9.0
2023-06-02T15:00:00,17.4,7.5,52.07,0.0,0.0,,0.0,0.0,21.1,39.0,1023.1,23.3,835.0,3.0,8.0
2023-06-02T16:00:00,17.7,7.9,52.8,0.0,0.0,,0.0,0.0,22.1,66.0,1022.8,20.8,718.0,2.6,7.0
2023-06-02T17:00:00,17.2,7.9,54.52,0.0,0.0,,0.0,0.0,24.0,58.0,1022.5,10.9,589.0,2.1,6.0
2023-06-02T18:00:00,16.5,7.7,56.2,0.0,0.0,,0.0,0.0,24.9,62.0,1022.2,0.0,434.0,1.6,4.0
2023-06-02T19:00:00,15.5,7.5,59.09,0.0,0.0,,0.0,0.0,22.2,55.0,1022.2,0.0,276.0,1.0,3.0
2023-06-02T20:00:00,14.1,7.5,64.47,0.0,0.0,,0.0,0.0,20.1,57.0,1022.2,32.0,57.0,0.2,1.0
2023-06-02T21:00:00,12.3,7.3,71.45,0.0,0.0,,0.0,0.0,18.4,60.0,1022.7,35.6,16.0,0.1,0.0
2023-06-02T22:00:00,11.7,7.5,75.75,0.0,0.0,,0.0,0.0,17.2,52.0,1023.1,64.2,0.0,0.0,0.0
2023-06-02T23:00:00,11.9,7.8,75.86,0.0,0.0,,0.0,0.0,16.6,56.0,1023.2,69.0,0.0,0.0,0.0
2023-06-03T00:00:00,11.0,7.8,80.32,0.0,0.0,,0.0,0.0,15.9,41.0,1023.2,50.6,0.0,0.0,0.0
2023-06-03T01:00:00,10.4,7.7,82.89,0.0,0.0,,0.0,0.0,18.0,26.0,1023.1,0.0,0.0,0.0,0.0
2023-06-03T02:00:00,10.0,7.2,82.88,0.0,0.0,,0.0,0.0,26.2,30.0,1022.8,0.0,0.0,0.0,0.0
2023-06-03T03:00:00,9.8,7.0,83.2,0.0,0.0,,0.0,0.0,23.1,30.0,1022.5,1.4,0.0,0.0,0.0
2023-06-03T04:00:00,8.6,6.9,89.3,0.0,0.0,,0.0,0.0,19.2,360.0,1022.4,43.5,0.0,0.0,0.0
2023-06-03T05:00:00,8.5,7.2,91.77,0.0,0.0,,0.0,0.0,18.1,358.0,1022.1,46.0,7.0,0.0,0.0
2023-06-03T06:00:00,9.2,7.9,91.57,0.0,0.0,,0.0,0.0,19.9,8.0,1022.2,62.6,25.0,0.1,0.0
2023-06-03T07:00:00,10.5,8.6,88.09,0.0,0.0,,0.0,0.0,21.5,15.0,1022.3,83.9,66.0,0.2,1.0
2023-06-03T08:00:00,11.5,9.1,85.05,0.0,0.0,,0.0,0.0,24.3,15.0,1022.4,86.6,118.0,0.4,1.0
2023-06-03T09:00:00,12.7,9.6,81.31,0.0,0.0,,0.0,0.0,25.3,16.0,1022.7,86.6,154.0,0.6,2.0
2023-06-03T10:00:00,13.5,10.1,79.64,0.0,0.0,,0.0,0.0,25.4,21.0,1022.8,93.2,295.0,1.1,3.0
2023-06-03T11:00:00,15.4,11.0,74.9,0.0,0.0,,0.0,0.0,25.6,31.0,1022.8,80.2,335.0,1.2,3.0
2023-06-03T12:00:00,17.5,11.0,65.4,0.0,0.0,,0.0,0.0,21.9,40.0,1022.5,36.0,718.0,2.6,7.0
2023-06-03T13:00:00,19.2,10.9,58.45,0.0,0.0,,0.0,0.0,22.2,42.0,1022.3,25.2,888.0,3.2,9.0
2023-06-03T14:00:00,20.4,11.0,54.49,0.0,0.0,,0.0,0.0,21.0,56.0,1022.1,68.9,828.0,3.0,8.0
2023-06-03T15:00:00,21.3,9.2,46.12,0.0,0.0,,0.0,0.0,28.3,68.0,1021.8,61.9,854.0,3.1,9.0
2023-06-03T16:00:00,21.0,8.9,45.97,0.0,0.0,,0.0,0.0,24.4,68.0,1021.6,10.4,712.0,2.6,7.0
2023-06-03T17:00:00,20.5,7.9,44.32,0.0,0.0,,0.0,0.0,27.1,47.0,1021.4,1.3,583.0,2.1,6.0
2023-06-03T18:00:00,19.9,8.1,46.63,0.0,0.0,,0.0,0.0,25.2,59.0,1021.1,10.7,450.0,1.6,5.0
2023-06-03T19:00:00,19.0,7.8,48.19,0.0,0.0,,0.0,0.0,23.6,58.0,1021.1,0.0,208.0,0.7,2.0
2023-06-03T20:00:00,17.5,7.1,50.28,0.0,0.0,,0.0,0.0,20.6,61.0,1021.3,0.0,59.0,0.2,1.0
2023-06-03T21:00:00,15.3,6.4,55.34,0.0,0.0,,0.0,0.0,16.8,52.0,1021.7,0.0,14.0,0.1,0.0
2023-06-03T22:00:00,14.0,5.3,55.53,0.0,0.0,,,0.0,15.3,51.0,1022.4,0.0,0.0,0.0,0.0
2023-06-03T23:00:00,12.7,5.0,59.23,0.0,0.0,,0.0,0.0,15.9,40.0,1022.7,0.0,0.0,0.0,0.0
2023-06-04T00:00:00,12.6,4.7,58.8,0.0,0.0,,0.0,0.0,22.2,33.0,1022.6,0.0,0.0,0.0,0.0
2023-06-04T01:00:00,12.3,6.0,65.7,0.0,0.0,,0.0,0.0,23.8,32.0,1022.5,0.0,0.0,0.0,0.0
2023-06-04T02:00:00,11.2,5.8,69.29,0.0,0.0,,0.0,0.0,18.8,14.0,1022.5,0.0,0.0,0.0,0.0
2023-06-04T03:00:00,10.0,5.9,75.66,0.0,0.0,,0.0,0.0,16.3,358.0,1022.2,0.0,0.0,0.0,0.0
2023-06-04T04:00:00,9.9,6.5,79.32,0.0,0.0,,0.0,0.0,20.6,347.0,1022.2,0.0,0.0,0.0,0.0
2023-06-04T05:00:00,10.6,7.5,81.59,0.0,0.0,,0.0,0.0,14.6,2.0,1022.3,0.0,9.0,0.0,0.0
2023-06-04T06:00:00,9.6,7.3,85.37,0.0,0.0,,0.0,0.0,17.6,357.0,1022.2,0.0,44.0,0.2,0.0
2023-06-04T07:00:00,11.2,8.3,82.29,0.0,0.0,,0.0,0.0,17.8,9.0,1022.4,0.0,153.0,0.6,2.0
2023-06-04T08:00:00,13.3,9.3,76.63,0.0,0.0,,0.0,0.0,18.9,18.0,1022.5,0.0,252.0,0.9,3.0
2023-06-04T09:00:00,15.4,10.0,69.9,0.0,0.0,,0.0,0.0,21.9,18.0,1022.7,0.0,451.0,1.6,5.0
2023-06-04T10:00:00,17.5,10.1,62.09,0.0,0.0,,0.0,0.0,19.8,25.0,1022.9,0.0,621.0,2.2,6.0
2023-06-04T11:00:00,18.5,10.0,57.67,0.0,0.0,,0.0,0.0,20.9,33.0,1023.0,0.0,727.0,2.6,7.0
2023-06-04T12:00:00,19.9,10.4,54.35,0.0,0.0,,0.0,0.0,22.4,34.0,1023.2,0.0,805.0,2.9,8.0
2023-06-04T13:00:00,20.7,10.0,50.18,0.0,0.0,,0.0,0.0,21.8,51.0,1023.0,0.0,850.0,3.1,9.0
2023-06-04T14:00:00,21.4,9.2,45.58,0.0,0.0,,0.0,0.0,19.6,52.0,1022.9,0.0,842.0,3.0,8.0
2023-06-04T15:00:00,22.0,8.7,42.52,0.0,0.0,,0.0,0.0,22.3,65.0,1022.8,0.0,794.0,2.9,8.0
2023-06-04T16:00:00,21.4,8.8,44.59,0.0,0.0,,0.0,0.0,21.0,60.0,1022.7,0.0,698.0,2.5,7.0
2023-06-04T17:00:00,21.0,8.0,43.19,0.0,0.0,,0.0,0.0,21.7,45.0,1022.5,0.0,586.0,2.1,6.0
2023-06-04T18:00:00,20.2,5.3,37.86,0.0,0.0,,0.0,0.0,20.7,46.0,1022.2,0.0,428.0,1.5,4.0
2023-06-04T19:00:00,19.0,5.6,41.39,0.0,0.0,,0.0,0.0,22.0,46.0,1022.3,0.0,278.0,1.0,3.0
2023-06-04T20:00:00,17.2,6.9,50.46,0.0,0.0,,0.0,0.0,18.6,61.0,1022.3,0.0,58.0,0.2,1.0
2023-06-04T21:00:00,14.6,5.9,55.99,0.0,0.0,,0.0,0.0,12.8,60.0,1022.8,1.3,16.0,0.1,0.0
2023-06-04T22:00:00,12.8,5.9,62.93,0.0,0.0,,0.0,0.0,11.3,45.0,1023.6,0.0,0.0,0.0,0.0
2023-06-04T23:00:00,11.7,7.6,76.12,0.0,0.0,,0.0,0.0,6.4,14.0,1024.0,0.0,0.0,0.0,0.0
2023-06-05T00:00:00,11.1,8.6,84.13,0.0,0.0,,0.0,0.0,16.3,27.0,1024.2,0.0,0.0,0.0,0.0
2023-06-05T01:00:00,10.1,8.1,87.05,0.0,0.0,,0.0,0.0,12.7,4.0,1024.3,1.4,0.0,0.0,0.0
2023-06-05T02:00:00,9.6,7.8,88.2,0.0,0.0,,0.0,0.0,10.0,11.0,1024.3,40.5,0.0,0.0,0.0
2023-06-05T03:00:00,9.2,7.6,89.57,0.0,0.0,,0.0,0.0,19.8,22.0,1023.8,33.2,0.0,0.0,0.0
2023-06-05T04:00:00,9.2,7.5,89.07,0.0,0.0,,0.0,0.0,25.3,23.0,1023.4,51.9,0.0,0.0,0.0
2023-06-05T05:00:00,8.9,7.3,89.11,0.0,0.0,,0.0,0.0,23.9,24.0,1023.2,51.9,11.0,0.0,0.0
2023-06-05T06:00:00,9.4,7.5,87.79,0.0,0.0,,0.0,0.0,19.8,16.0,1023.2,51.9,40.0,0.1,0.0
2023-06-05T07:00:00,10.9,7.9,82.01,0.0,0.0,,0.0,0.0,23.0,24.0,1023.3,51.1,167.0,0.6,2.0
2023-06-05T08:00:00,12.3,8.3,76.45,0.0,0.0,,0.0,0.0,20.8,34.0,1023.6,54.6,257.0,0.9,3.0
2023-06-05T09:00:00,13.3,8.1,70.77,0.0,0.0,,0.0,0.0,24.7,25.0,1023.9,51.1,446.0,1.6,4.0
2023-06-05T10:00:00,14.9,8.9,67.43,0.0,0.0,,0.0,0.0,23.0,25.0,1023.8,59.3,618.0,2.2,6.0
2023-06-05T11:00:00,16.0,9.3,64.77,0.0,0.0,,0.0,0.0,19.9,27.0,1023.8,48.9,734.0,2.6,7.0
2023-06-05T12:00:00,17.1,9.4,60.56,0.0,0.0,,0.0,0.0,19.2,31.0,1023.8,37.0,816.0,2.9,8.0
2023-06-05T13:00:00,18.2,9.9,58.45,0.0,0.0,,0.0,0.0,19.1,41.0,1023.3,31.1,852.0,3.1,9.0
2023-06-05T14:00:00,18.7,9.7,55.85,0.0,0.0,,0.0,0.0,20.6,33.0,1023.1,13.7,843.0,3.0,8.0
2023-06-05T15:00:00,19.0,9.9,55.53,0.0,0.0,,0.0,0.0,19.4,40.0,1022.5,3.9,795.0,2.9,8.0
2023-06-05T16:00:00,19.0,9.3,53.1,0.0,0.0,,0.0,0.0,18.9,42.0,1022.2,1.4,707.0,2.5,7.0
2023-06-05T17:00:00,18.7,8.7,52.07,0.0,0.0,,0.0,0.0,21.1,42.0,1021.9,0.0,578.0,2.1,6.0
2023-06-05T18:00:00,18.6,9.1,54.26,0.0,0.0,,0.0,0.0,19.1,41.0,1021.6,2.5,424.0,1.5,4.0
2023-06-05T19:00:00,17.4,9.4,59.38,0.0,0.0,,0.0,0.0,19.0,56.0,1021.6,4.1,270.0,1.0,3.0
2023-06-05T20:00:00,15.6,9.4,66.35,0.0,0.0,,0.0,0.0,20.1,57.0,1022.0,21.3,63.0,0.2,1.0
2023-06-05T21:00:00,13.6,9.1,74.26,0.0,0.0,,0.0,0.0,16.4,58.0,1022.2,8.9,19.0,0.1,0.0
2023-06-05T22:00:00,11.8,8.4,79.93,0.0,0.0,,0.0,0.0,15.5,51.0,1023.0,21.3,0.0,0.0,0.0
2023-06-05T23:00:00,10.4,7.8,84.16,0.0,0.0,,0.0,0.0,11.4,49.0,1023.0,48.9,0.0,0.0,0.0
2023-06-06T00:00:00,10.3,7.6,83.66,0.0,0.0,,0.0,0.0,10.6,34.0,1023.2,51.9,0.0,0.0,0.0
2023-06-06T01:00:00,9.6,7.4,86.42,0.0,0.0,,0.0,0.0,12.0,33.0,1023.2,55.5,0.0,0.0,0.0
2023-06-06T02:00:00,9.6,7.0,83.8,0.0,0.0,,0.0,0.0,15.7,18.0,1023.0,51.9,0.0,0.0,0.0
2023-06-06T03:00:00,9.5,6.9,84.03,0.0,0.0,,0.0,0.0,16.5,18.0,1022.9,51.9,0.0,0.0,0.0
2023-06-06T04:00:00,8.9,6.7,85.84,0.0,0.0,,0.0,0.0,15.5,18.0,1022.7,48.9,0.0,0.0,0.0
2023-06-06T05:00:00,8.6,6.7,87.53,0.0,0.0,,0.0,0.0,13.5,10.0,1022.6,22.2,9.0,0.0,0.0
2023-06-06T06:00:00,9.0,7.1,88.07,0.0,0.0,,0.0,0.0,13.8,9.0,1022.6,22.2,27.0,0.1,0.0
2023-06-06T07:00:00,10.9,8.1,82.91,0.0,0.0,,0.0,0.0,14.4,9.0,1022.6,53.3,133.0,0.5,1.0
2023-06-06T08:00:00,12.9,8.7,75.58,0.0,0.0,,0.0,0.0,19.3,34.0,1022.5,68.8,228.0,0.8,2.0
2023-06-06T09:00:00,14.1,9.1,71.92,0.0,0.0,,0.0,0.0,21.0,42.0,1022.6,66.9,339.0,1.2,3.0
2023-06-06T10:00:00,15.1,9.1,67.48,0.0,0.0,,0.0,0.0,22.1,33.0,1022.7,63.4,629.0,2.3,6.0
2023-06-06T11:00:00,16.3,9.4,63.76,0.0,0.0,,0.0,0.0,22.1,34.0,1022.6,67.4,761.0,2.7,8.0
2023-06-06T12:00:00,17.0,9.5,61.19,0.0,0.0,,0.0,0.0,19.5,43.0,1022.4,53.2,811.0,2.9,8.0
2023-06-06T13:00:00,17.7,9.1,57.16,0.0,0.0,,0.0,0.0,21.0,35.0,1022.0,46.0,843.0,3.0,8.0
2023-06-06T14:00:00,18.8,9.7,55.44,0.0,0.0,,0.0,0.0,21.1,43.0,1021.8,39.8,835.0,3.0,8.0
2023-06-06T15:00:00,18.9,9.6,54.81,0.0,0.0,,0.0,0.0,21.2,35.0,1021.5,40.4,788.0,2.8,8.0
2023-06-06T16:00:00,18.9,9.3,53.7,0.0,0.0,,0.0,0.0,21.3,50.0,1021.4,22.7,695.0,2.5,7.0
2023-06-06T17:00:00,18.5,9.7,56.6,0.0,0.0,,0.0,0.0,22.0,48.0,1021.1,15.6,562.0,2.0,6.0
2023-06-06T18:00:00,17.6,9.7,59.77,0.0,0.0,,0.0,0.0,22.1,42.0,1021.0,13.7,416.0,1.5,4.0
2023-06-06T19:00:00,16.6,9.5,62.55,0.0,0.0,,0.0,0.0,22.4,36.0,1021.1,12.4,259.0,0.9,3.0
2023-06-06T20:00:00,15.3,9.3,67.71,0.0,0.0,,0.0,0.0,19.0,35.0,1021.2,11.0,63.0,0.2,1.0
2023-06-06T21:00:00,13.6,9.1,74.31,0.0,0.0,,0.0,0.0,20.1,41.0,1021.7,30.7,19.0,0.1,0.0
2023-06-06T22:00:00,12.2,9.0,80.89,0.0,0.0,,0.0,0.0,17.1,41.0,1022.1,28.2,0.0,0.0,0.0
2023-06-06T23:00:00,11.5,8.7,83.26,0.0,0.0,,0.0,0.0,15.6,34.0,1022.1,13.7,0.0,0.0,0.0
2023-06-07T00:00:00,11.0,8.4,84.01,0.0,0.0,,0.0,0.0,11.6,33.0,1022.0,13.7,0.0,0.0,0.0
2023-06-07T01:00:00,10.7,8.0,83.26,0.0,0.0,,0.0,0.0,16.9,25.0,1021.7,17.3,0.0,0.0,0.0
2023-06-07T02:00:00,10.3,8.0,85.89,0.0,0.0,,0.0,0.0,19.0,11.0,1021.5,24.9,0.0,0.0,0.0
2023-06-07T03:00:00,9.9,8.0,87.88,0.0,0.0,,0.0,0.0,16.9,11.0,1021.2,28.7,0.0,0.0,0.0
2023-06-07T04:00:00,9.7,8.0,89.33,0.0,0.0,,0.0,0.0,20.3,11.0,1020.9,55.5,0.0,0.0,0.0
2023-06-07T05:00:00,9.9,8.2,89.44,0.0,0.0,,0.0,0.0,21.5,18.0,1020.9,87.5,11.0,0.0,0.0
2023-06-07T06:00:00,10.3,8.5,88.55,0.0,0.0,,0.0,0.0,20.3,18.0,1020.9,87.5,38.0,0.1,0.0
2023-06-07T07:00:00,11.5,9.1,85.54,0.0,0.0,,0.0,0.0,21.9,25.0,1021.0,87.5,83.0,0.3,1.0
2023-06-07T08:00:00,12.5,9.2,80.17,0.0,0.0,,0.0,0.0,24.8,33.0,1021.3,73.3,249.0,0.9,2.0
2023-06-07T09:00:00,14.2,9.9,75.55,0.0,0.0,,0.0,0.0,21.7,27.0,1021.4,55.9,427.0,1.5,4.0
2023-06-07T10:00:00,15.3,10.4,72.55,0.0,0.0,,0.0,0.0,21.9,27.0,1021.4,47.7,601.0,2.2,6.0
2023-06-07T11:00:00,16.8,10.8,67.76,0.0,0.0,,0.0,0.0,22.4,33.0,1021.1,28.2,717.0,2.6,7.0
2023-06-07T12:00:00,18.3,12.0,66.49,0.0,0.0,,0.0,0.0,21.0,33.0,1020.7,40.5,802.0,2.9,8.0
2023-06-07T13:00:00,19.2,11.9,62.87,0.0,0.0,,0.0,0.0,22.4,34.0,1020.5,4.3,848.0,3.1,8.0
2023-06-07T14:00:00,19.7,11.8,60.22,0.0,0.0,,0.0,0.0,20.9,41.0,1020.2,0.0,841.0,3.0,8.0
2023-06-07T15:00:00,20.6,12.3,58.83,0.0,0.0,,0.0,0.0,21.0,44.0,1019.9,0.0,791.0,2.8,8.0
2023-06-07T16:00:00,21.2,12.0,55.84,0.0,0.0,,0.0,0.0,17.8,42.0,1019.5,0.0,694.0,2.5,7.0
2023-06-07T17:00:00,21.2,11.6,54.38,0.0,0.0,,0.0,0.0,21.0,51.0,1019.1,0.0,570.0,2.1,6.0
2023-06-07T18:00:00,20.2,11.1,55.87,0.0,0.0,,0.0,0.0,19.5,51.0,1019.0,0.0,421.0,1.5,4.0
2023-06-07T19:00:00,18.8,10.7,59.22,0.0,0.0,,0.0,0.0,19.5,41.0,1019.1,0.0,270.0,1.0,3.0
2023-06-07T20:00:00,17.4,10.0,62.14,0.0,0.0,,0.0,0.0,14.8,22.0,1019.2,0.0,64.0,0.2,1.0
2023-06-07T21:00:00,15.1,9.6,69.79,0.0,0.0,,0.0,0.0,17.0,30.0,1019.1,0.0,17.0,0.1,0.0
2023-06-07T22:00:00,13.4,9.3,76.15,0.0,0.0,,0.0,0.0,20.0,30.0,1019.5,0.0,0.0,0.0,0.0
2023-06-07T23:00:00,12.2,9.0,80.71,0.0,0.0,,0.0,0.0,18.6,21.0,1019.5,1.4,0.0,0.0,0.0
2023-06-08T00:00:00,11.2,8.8,85.3,0.0,0.0,,0.0,0.0,16.8,13.0,1019.7,6.9,0.0,0.0,0.0
2023-06-08T01:00:00,10.8,8.9,88.19,0.0,0.0,,0.0,0.0,23.2,13.0,1019.4,46.0,0.0,0.0,0.0
2023-06-08T02:00:00,10.5,8.7,89.04,0.0,0.0,,0.0,0.0,18.9,4.0,1019.1,43.5,0.0,0.0,0.0
2023-06-08T03:00:00,10.4,8.8,,0.0,0.0,,0.0,0.0,20.2,11.0,1019.0,51.9,0.0,0.0,0.0
2023-06-08T04:00:00,10.2,8.8,90.97,0.0,0.0,,0.0,0.0,22.6,12.0,1018.8,69.7,0.0,0.0,0.0
2023-06-08T05:00:00,10.4,8.9,90.69,0.0,0.0,,0.0,0.0,21.7,10.0,1018.8,83.9,9.0,0.0,0.0
2023-06-08T06:00:00,10.9,9.3,89.77,0.0,0.0,,0.0,0.0,23.2,11.0,1018.7,83.9,36.0,0.1,0.0
2023-06-08T07:00:00,11.9,9.6,85.54,0.0,0.0,,0.0,0.0,20.8,12.0,1018.7,51.9,142.0,0.5,1.0
2023-06-08T08:00:00,13.0,9.8,80.67,0.0,0.0,,0.0,0.0,25.2,28.0,1018.5,51.1,254.0,0.9,3.0
2023-06-08T09:00:00,14.3,10.0,74.94,0.0,0.0,,0.0,0.0,24.7,20.0,1018.4,47.5,453.0,1.6,5.0
2023-06-08T10:00:00,16.0,10.5,69.88,0.0,0.0,,0.0,0.0,23.8,19.0,1018.3,46.3,607.0,2.2,6.0
2023-06-08T11:00:00,17.8,11.3,65.96,0.0,0.0,,0.0,0.0,16.9,20.0,1018.2,11.2,726.0,2.6,7.0
2023-06-08T12:00:00,19.3,11.7,61.37,0.0,0.0,,0.0,0.0,17.7,35.0,1017.7,0.0,799.0,2.9,8.0
2023-06-08T13:00:00,20.5,11.9,58.02,0.0,0.0,,0.0,0.0,21.4,34.0,1017.1,0.0,838.0,3.0,8.0
2023-06-08T14:00:00,21.1,9.1,46.2,0.0,0.0,,0.0,0.0,24.1,80.0,1017.0,0.0,830.0,3.0,8.0
2023-06-08T15:00:00,21.7,10.3,48.21,0.0,0.0,,0.0,0.0,21.5,60.0,1016.1,0.0,785.0,2.8,8.0
2023-06-08T16:00:00,21.9,10.3,47.91,0.0,0.0,,0.0,0.0,22.5,46.0,1015.6,0.0,696.0,2.5,7.0
2023-06-08T17:00:00,21.5,9.8,47.27,0.0,0.0,,0.0,0.0,24.6,50.0,1014.8,0.0,564.0,2.0,6.0
2023-06-08T18:00:00,20.4,10.1,51.61,0.0,0.0,,0.0,0.0,25.0,43.0,1014.4,0.0,427.0,1.5,4.0
2023-06-08T19:00:00,19.4,9.2,51.76,0.0,0.0,,0.0,0.0,22.4,45.0,1014.3,0.0,270.0,1.0,3.0
2023-06-08T20:00:00,17.8,7.3,50.43,0.0,0.0,,0.0,0.0,24.6,42.0,1014.2,0.0,61.0,0.2,1.0
2023-06-08T21:00:00,15.8,8.1,60.17,0.0,0.0,,0.0,0.0,19.0,29.0,1014.7,0.0,18.0,0.1,0.0
2023-06-08T22:00:00,14.6,8.8,68.12,0.0,0.0,,0.0,0.0,22.9,35.0,1014.8,0.0,0.0,0.0,0.0
2023-06-08T23:00:00,14.3,9.3,71.99,0.0,0.0,,0.0,0.0,19.7,19.0,1014.8,0.0,0.0,0.0,0.0
2023-06-09T00:00:00,13.0,9.1,77.44,0.0,0.0,,0.0,0.0,13.1,357.0,1014.6,0.0,0.0,0.0,0.0
2023-06-09T01:00:00,12.7,9.8,82.78,0.0,0.0,,0.0,0.0,14.7,3.0,1014.2,0.0,0.0,0.0,0.0
2023-06-09T02:00:00,12.1,10.1,87.48,0.0,0.0,,0.0,0.0,20.3,356.0,1013.8,13.7,0.0,0.0,0.0
2023-06-09T03:00:00,12.1,10.5,90.14,0.0,0.0,,0.0,0.0,20.5,356.0,1013.6,51.1,0.0,0.0,0.0
2023-06-09T04:00:00,12.2,10.8,91.07,0.0,0.0,,0.0,0.0,20.6,9.0,1013.2,58.2,0.0,0.0,0.0
2023-06-09T05:00:00,12.3,11.0,91.93,0.0,0.0,,0.0,0.0,19.0,9.0,1013.0,51.9,11.0,0.0,0.0
2023-06-09T06:00:00,12.7,11.2,90.51,0.0,0.0,,0.0,0.0,21.9,9.0,1013.1,51.9,41.0,0.1,0.0
2023-06-09T07:00:00,13.6,11.6,88.04,0.0,0.0,,0.0,0.0,21.9,10.0,1013.1,51.1,141.0,0.5,1.0
2023-06-09T08:00:00,15.2,12.3,82.99,0.0,0.0,,0.0,0.0,17.8,10.0,1013.2,51.1,251.0,0.9,3.0
2023-06-09T09:00:00,16.7,13.0,78.93,0.0,0.0,,0.0,0.0,26.4,18.0,1013.1,46.0,428.0,1.5,4.0
2023-06-09T10:00:00,18.3,13.3,72.8,0.0,0.0,,0.0,0.0,22.2,26.0,1012.9,49.7,597.0,2.1,6.0
2023-06-09T11:00:00,20.3,13.6,65.28,0.0,0.0,,0.0,0.0,19.7,43.0,1012.5,4.3,735.0,2.6,7.0
2023-06-09T12:00:00,20.9,14.5,66.61,0.0,0.0,,0.0,0.0,21.5,36.0,1012.2,0.0,838.0,3.0,8.0
2023-06-09T13:00:00,21.6,14.3,63.47,0.0,0.0,,0.0,0.0,15.9,29.0,1012.1,0.0,543.0,2.0,5.0
2023-06-09T14:00:00,23.3,13.9,55.6,0.0,0.0,,0.0,0.0,21.4,54.0,1011.6,3.0,525.0,1.9,5.0
2023-06-09T15:00:00,24.9,13.4,49.04,0.0,0.0,,0.0,0.0,26.8,60.0,1011.4,0.0,525.0,1.9,5.0
2023-06-09T16:00:00,25.5,14.4,50.05,0.0,0.0,,0.0,0.0,25.3,59.0,1011.0,3.0,722.0,2.6,7.0
2023-06-09T17:00:00,24.6,13.5,49.91,0.0,0.0,,0.0,0.0,24.0,52.0,1010.9,0.0,588.0,2.1,6.0
2023-06-09T18:00:00,24.1,13.9,52.88,0.0,0.0,,0.0,0.0,22.4,52.0,1011.0,0.0,432.0,1.6,4.0
2023-06-09T19:00:00,22.8,13.2,54.74,0.0,0.0,,0.0,0.0,23.1,52.0,1011.2,0.0,273.0,1.0,3.0
2023-06-09T20:00:00,21.4,12.8,58.21,0.0,0.0,,0.0,0.0,21.8,42.0,1011.2,0.0,60.0,0.2,1.0
2023-06-09T21:00:00,19.8,13.2,65.5,0.0,0.0,,0.0,0.0,18.7,43.0,1011.5,0.0,25.0,0.1,0.0
2023-06-09T22:00:00,19.0,13.1,68.69,0.0,0.0,,0.0,0.0,22.5,35.0,1011.6,0.0,0.0,0.0,0.0
2023-06-09T23:00:00,18.3,12.9,70.58,0.0,0.0,,0.0,0.0,16.6,27.0,1012.0,0.0,0.0,0.0,0.0
2023-06-10T00:00:00,17.1,13.1,77.27,0.0,0.0,,0.0,0.0,12.5,358.0,1012.2,12.5,0.0,0.0,0.0
2023-06-10T01:00:00,16.8,13.1,78.84,0.0,0.0,,0.0,0.0,20.8,2.0,1011.9,16.0,0.0,0.0,0.0
2023-06-10T02:00:00,16.5,13.2,81.19,0.0,0.0,,0.0,0.0,20.7,9.0,1011.6,10.3,0.0,0.0,0.0
2023-06-10T03:00:00,15.6,13.2,85.49,0.0,0.0,,0.0,0.0,17.7,23.0,1011.5,0.0,0.0,0.0,0.0
2023-06-10T04:00:00,14.9,13.0,88.43,0.0,0.0,,0.0,0.0,18.5,7.0,1011.6,0.0,0.0,0.0,0.0
2023-06-10T05:00:00,14.4,12.7,89.67,0.0,0.0,,0.0,0.0,20.1,16.0,1011.7,0.0,11.0,0.0,0.0
2023-06-10T06:00:00,14.5,12.9,90.36,0.0,0.0,,0.0,0.0,20.2,17.0,1011.7,0.0,39.0,0.1,0.0
2023-06-10T07:00:00,16.3,13.5,83.89,0.0,0.0,,0.0,0.0,17.9,19.0,1011.8,0.0,139.0,0.5,1.0
2023-06-10T08:00:00,18.5,14.6,78.14,,0.0,,0.0,0.0,14.8,20.0,1012.0,0.0,261.0,0.9,3.0
2023-06-10T09:00:00,21.3,15.2,68.19,0.0,0.0,,0.0,0.0,14.9,23.0,1012.2,0.0,432.0,1.6,4.0
2023-06-10T10:00:00,24.7,15.5,56.58,0.0,0.0,,0.0,0.0,13.9,123.0,1012.3,0.0,610.0,2.2,6.0
2023-06-10T11:00:00,24.7,14.4,52.55,0.0,0.0,,0.0,0.0,14.9,121.0,1012.7,1.4,725.0,2.6,7.0
2023-06-10T12:00:00,24.6,15.0,55.13,0.0,0.0,,0.0,0.0,12.8,129.0,1012.6,1.3,808.0,2.9,8.0
2023-06-10T13:00:00,24.8,14.5,52.93,0.0,0.0,,0.0,0.0,15.0,132.0,1012.6,0.0,843.0,3.0,8.0
2023-06-10T14:00:00,25.5,14.8,51.81,0.0,0.0,,0.0,0.0,16.0,135.0,1012.4,8.5,838.0,3.0,8.0
2023-06-10T15:00:00,26.4,14.9,49.23,0.0,0.0,,0.0,0.0,14.7,137.0,1012.2,5.5,784.0,2.8,8.0
2023-06-10T16:00:00,25.0,14.4,51.88,0.0,0.0,,0.0,0.0,14.4,132.0,1012.2,23.3,686.0,2.5,7.0
2023-06-10T17:00:00,25.4,14.6,51.32,0.0,0.0,,0.0,0.0,11.9,133.0,1012.0,29.8,561.0,2.0,6.0
2023-06-10T18:00:00,25.3,14.7,51.89,0.0,0.0,,0.0,0.0,10.6,131.0,1011.9,14.9,415.0,1.5,4.0
2023-06-10T19:00:00,23.7,14.5,56.17,0.0,0.0,,0.0,0.0,8.4,174.0,1012.2,3.2,270.0,1.0,3.0
2023-06-10T20:00:00,23.0,14.8,59.9,0.0,0.0,,0.0,0.0,9.5,186.0,1012.5,0.0,66.0,0.2,1.0
2023-06-10T21:00:00,20.2,13.5,65.3,0.0,0.0,,0.0,0.0,14.1,192.0,1013.3,3.6,26.0,0.1,0.0
2023-06-10T22:00:00,18.7,13.4,,0.0,0.0,,0.0,0.0,5.1,284.0,1014.0,0.0,14.0,0.1,0.0
2023-06-10T23:00:00,17.9,13.6,76.12,0.0,0.0,,0.0,0.0,5.0,298.0,1014.1,33.5,0.0,0.0,0.0
2023-06-11T00:00:00,16.5,13.2,81.2,0.0,0.0,,0.0,0.0,1.4,341.0,1014.1,33.5,0.0,0.0,0.0
2023-06-11T01:00:00,16.4,14.6,88.95,0.0,0.0,,0.0,0.0,9.2,266.0,1014.1,33.5,0.0,0.0,0.0
2023-06-11T02:00:00,16.4,13.5,82.85,0.0,0.0,,0.0,0.0,3.7,240.0,1013.6,7.5,0.0,0.0,0.0
2023-06-11T03:00:00,16.8,13.6,80.94,0.0,0.0,,0.0,0.0,12.4,350.0,1013.1,10.0,0.0,0.0,0.0
2023-06-11T04:00:00,16.7,13.5,81.66,0.0,0.0,,0.0,0.0,16.3,348.0,1012.9,11.3,0.0,0.0,0.0
2023-06-11T05:00:00,16.1,13.8,85.75,0.0,0.0,,0.0,0.0,14.6,358.0,1013.0,33.3,11.0,0.0,0.0
2023-06-11T06:00:00,16.9,14.0,83.42,0.0,0.0,,0.0,0.0,9.3,354.0,1013.0,18.2,59.0,0.2,1.0
2023-06-11T07:00:00,18.5,14.6,78.29,0.0,0.0,,0.0,0.0,7.9,8.0,1013.3,37.0,97.0,0.3,1.0
2023-06-11T08:00:00,19.4,15.2,76.38,0.0,0.0,,0.0,0.0,5.0,323.0,1013.7,40.1,153.0,0.6,2.0
2023-06-11T09:00:00,20.7,16.0,74.62,0.0,0.0,,0.0,0.0,6.7,252.0,1013.9,51.1,200.0,0.7,2.0
2023-06-11T10:00:00,21.6,15.4,67.56,0.0,0.0,,0.0,0.0,11.1,317.0,1013.7,79.2,255.0,0.9,3.0
2023-06-11T11:00:00,23.0,16.3,65.95,0.0,0.0,,0.0,0.0,7.2,340.0,1013.6,47.4,483.0,1.7,5.0
2023-06-11T12:00:00,24.2,15.3,57.46,0.0,0.0,,0.0,,,28.0,1013.9,3.7,801.0,2.9,8.0
2023-06-11T13:00:00,24.9,17.1,61.75,0.0,0.0,,0.0,0.0,12.0,232.0,1013.8,26.8,832.0,3.0,8.0
2023-06-11T14:00:00,24.9,17.7,64.06,0.0,0.0,,0.0,0.0,14.5,219.0,1013.7,51.7,653.0,2.4,7.0
2023-06-11T15:00:00,20.2,15.9,76.47,1.111,100.0,rain,0.0,0.0,23.9,265.0,1014.1,84.1,442.0,1.6,4.0
2023-06-11T16:00:00,20.8,17.4,80.98,1.152,100.0,rain,0.0,0.0,21.4,277.0,1014.0,70.4,158.0,0.6,2.0
2023-06-11T17:00:00,21.7,18.7,82.81,0.112,100.0,rain,0.0,0.0,16.2,238.0,1013.5,74.6,261.0,0.9,3.0
2023-06-11T18:00:00,19.1,16.5,84.6,0.0,0.0,,0.0,0.0,13.5,213.0,1013.7,79.2,162.0,0.6,2.0
2023-06-11T19:00:00,19.3,16.8,85.64,0.0,0.0,,0.0,0.0,14.3,234.0,1014.1,62.7,128.0,0.5,1.0
2023-06-11T20:00:00,18.7,16.4,86.75,0.0,0.0,,0.0,0.0,5.8,217.0,1014.1,36.8,33.0,0.1,0.0
2023-06-11T21:00:00,17.8,16.3,91.21,0.0,0.0,,0.0,0.0,3.6,158.0,1014.4,48.0,9.0,0.0,0.0
2023-06-11T22:00:00,16.6,15.2,91.53,0.0,0.0,,0.0,0.0,3.3,237.0,1014.5,14.2,0.0,0.0,0.0
2023-06-11T23:00:00,16.9,16.2,95.71,0.0,0.0,,0.0,0.0,4.6,127.0,1014.6,39.8,0.0,0.0,0.0
2023-06-12T00:00:00,16.1,15.3,95.16,0.0,0.0,,0.0,0.0,3.6,199.0,1014.8,74.8,0.0,0.0,0.0
2023-06-12T01:00:00,15.9,15.2,95.84,0.0,0.0,,0.0,0.0,6.8,217.0,1014.5,50.2,0.0,0.0,0.0
2023-06-12T02:00:00,16.2,15.7,96.54,0.061,100.0,rain,0.0,0.0,6.9,201.0,1014.5,70.2,0.0,0.0,0.0
2023-06-12T03:00:00,16.4,15.7,95.91,0.073,100.0,rain,0.0,0.0,3.7,173.0,1014.2,64.5,0.0,0.0,0.0
2023-06-12T04:00:00,16.4,15.7,95.51,0.018,100.0,rain,0.0,0.0,0.5,329.0,1013.8,79.2,0.0,0.0,0.0
2023-06-12T05:00:00,16.6,16.1,96.98,0.015,100.0,rain,0.0,0.0,5.1,213.0,1014.3,91.6,0.0,0.0,0.0
2023-06-12T06:00:00,16.3,15.6,95.77,0.0,0.0,,0.0,0.0,5.1,184.0,1014.6,86.1,20.0,0.1,0.0
2023-06-12T07:00:00,16.1,15.5,96.07,0.0,0.0,,0.0,0.0,8.2,215.0,1014.7,86.1,52.0,0.2,1.0
2023-06-12T08:00:00,17.3,16.4,94.71,0.0,0.0,,0.0,0.0,4.1,222.0,1014.7,91.6,178.0,0.6,2.0
2023-06-12T09:00:00,17.9,15.9,88.38,0.0,0.0,,0.0,0.0,9.1,189.0,1014.9,77.8,315.0,1.1,3.0
2023-06-12T10:00:00,17.3,15.7,90.14,0.0,0.0,,0.0,0.0,8.2,191.0,1015.3,73.3,244.0,0.9,2.0
2023-06-12T11:00:00,17.3,15.5,89.12,0.0,0.0,,0.0,0.0,8.9,232.0,1015.5,72.9,308.0,1.1,3.0
2023-06-12T12:00:00,18.1,15.5,84.68,0.0,0.0,,0.0,0.0,8.9,193.0,1015.5,72.4,639.0,2.3,6.0
2023-06-12T13:00:00,18.5,15.4,82.41,0.0,0.0,,0.0,0.0,10.4,198.0,1015.5,47.9,673.0,2.4,7.0
2023-06-12T14:00:00,18.7,15.2,79.92,0.0,0.0,,0.0,0.0,9.0,224.0,1015.4,63.7,490.0,1.8,5.0
2023-06-12T15:00:00,19.1,15.1,77.39,0.0,0.0,,0.0,0.0,12.2,198.0,1015.3,37.5,585.0,2.1,6.0
2023-06-12T16:00:00,19.3,15.5,78.43,0.0,0.0,,0.0,0.0,10.8,197.0,1014.8,7.7,692.0,2.5,7.0
2023-06-12T17:00:00,18.5,15.2,81.25,0.0,0.0,,0.0,0.0,11.1,194.0,1014.4,33.0,566.0,2.0,6.0
2023-06-12T18:00:00,19.1,15.4,79.19,0.035,100.0,rain,0.0,0.0,10.1,220.0,1014.3,17.3,419.0,1.5,4.0
2023-06-12T19:00:00,18.7,15.3,80.6,0.0,0.0,,0.0,0.0,8.3,108.0,1014.0,11.5,267.0,1.0,3.0
2023-06-12T20:00:00,18.2,15.1,81.94,0.0,0.0,,0.0,0.0,5.1,210.0,1013.9,0.0,60.0,0.2,1.0
2023-06-12T21:00:00,16.6,14.6,88.33,0.0,0.0,,0.0,0.0,4.8,246.0,1014.1,0.0,15.0,0.1,0.0
2023-06-12T22:00:00,15.4,14.0,91.42,0.0,0.0,,0.0,0.0,4.8,189.0,1014.4,0.0,0.0,0.0,0.0
2023-06-12T23:00:00,15.1,14.0,93.5,0.0,0.0,,0.0,0.0,3.0,32.0,1014.3,0.0,0.0,0.0,0.0
2023-06-13T00:00:00,15.8,14.9,93.89,0.0,0.0,,0.0,0.0,10.4,6.0,1014.0,0.0,0.0,0.0,0.0
2023-06-13T01:00:00,16.1,14.5,90.42,0.0,0.0,,0.0,0.0,11.9,1.0,1013.8,0.0,0.0,0.0,0.0
2023-06-13T02:00:00,15.6,13.8,89.22,0.0,0.0,,0.0,0.0,12.0,7.0,1013.6,0.0,0.0,0.0,0.0
2023-06-13T03:00:00,15.4,12.9,84.98,0.0,0.0,,0.0,0.0,18.2,5.0,1013.2,0.0,0.0,0.0,0.0
2023-06-13T04:00:00,14.3,11.5,83.3,0.0,0.0,,0.0,0.0,15.5,6.0,1012.7,0.0,0.0,0.0,0.0
2023-06-13T05:00:00,13.9,10.5,80.15,0.0,0.0,,0.0,0.0,14.0,6.0,1012.7,0.0,11.0,0.0,0.0
2023-06-13T06:00:00,14.5,10.4,76.17,0.0,0.0,,0.0,0.0,18.3,12.0,1012.7,0.0,44.0,0.2,0.0
2023-06-13T07:00:00,16.3,11.1,71.28,0.0,0.0,,0.0,0.0,19.9,12.0,1012.7,0.0,168.0,0.6,2.0
2023-06-13T08:00:00,18.2,11.3,64.29,0.0,0.0,,0.0,0.0,20.3,13.0,1012.4,0.0,271.0,1.0,3.0
2023-06-13T09:00:00,20.2,12.3,60.6,0.0,0.0,,0.0,0.0,21.8,10.0,1012.6,0.0,452.0,1.6,5.0
2023-06-13T10:00:00,23.0,13.7,55.84,0.0,0.0,,0.0,0.0,7.8,19.0,1012.8,0.0,618.0,2.2,6.0
2023-06-13T11:00:00,25.2,14.6,51.8,0.0,0.0,,0.0,0.0,15.3,27.0,1012.4,0.0,738.0,2.7,7.0
2023-06-13T12:00:00,26.4,14.4,47.73,0.0,0.0,,0.0,0.0,16.1,52.0,1012.5,0.0,805.0,2.9,8.0
2023-06-13T13:00:00,25.5,13.9,48.74,0.0,0.0,,0.0,0.0,15.7,129.0,1012.6,32.0,841.0,3.0,8.0
2023-06-13T14:00:00,24.3,13.6,51.2,0.0,0.0,,0.0,0.0,13.1,143.0,1012.8,30.3,831.0,3.0,8.0
2023-06-13T15:00:00,24.6,14.2,52.28,0.0,0.0,,0.0,0.0,10.3,162.0,1012.7,13.7,849.0,3.1,8.0
2023-06-13T16:00:00,24.9,12.9,47.01,0.0,0.0,,0.0,0.0,10.7,140.0,1012.6,3.6,687.0,2.5,7.0
2023-06-13T17:00:00,27.7,11.4,36.24,0.0,0.0,,0.0,0.0,16.8,82.0,1012.6,2.0,560.0,2.0,6.0
2023-06-13T18:00:00,26.1,8.1,32.1,0.0,0.0,,0.0,0.0,23.6,59.0,1012.9,0.0,413.0,1.5,4.0
2023-06-13T19:00:00,24.5,9.3,38.31,0.0,0.0,,0.0,0.0,19.8,47.0,1013.4,0.0,267.0,1.0,3.0
2023-06-13T20:00:00,23.1,8.5,39.4,0.0,0.0,,0.0,0.0,18.4,44.0,1013.8,3.6,77.0,0.3,1.0
2023-06-13T21:00:00,20.5,8.6,46.43,0.0,0.0,,0.0,0.0,8.2,35.0,1014.3,0.0,30.0,0.1,0.0
2023-06-13T22:00:00,18.1,9.1,55.79,0.0,0.0,,0.0,0.0,13.3,44.0,1015.0,0.0,0.0,0.0,0.0
2023-06-13T23:00:00,17.7,7.9,52.79,0.0,0.0,,0.0,0.0,18.7,32.0,1015.2,0.0,0.0,0.0,0.0
2023-06-14T00:00:00,17.0,3.8,41.47,0.0,0.0,,0.0,0.0,20.7,28.0,1015.3,0.0,0.0,0.0,0.0
2023-06-14T01:00:00,14.9,3.8,47.41,0.0,0.0,,0.0,0.0,13.0,2.0,1015.4,0.0,0.0,0.0,0.0
2023-06-14T02:00:00,14.5,5.1,53.2,0.0,0.0,,0.0,0.0,17.4,5.0,1015.1,0.0,0.0,0.0,0.0
2023-06-14T03:00:00,13.6,6.3,61.24,0.0,0.0,,0.0,0.0,16.3,357.0,1015.0,0.0,0.0,0.0,0.0
2023-06-14T04:00:00,13.2,5.7,60.29,0.0,0.0,,0.0,0.0,21.7,6.0,1014.9,0.0,0.0,0.0,0.0
2023-06-14T05:00:00,12.3,5.4,62.83,0.0,0.0,,0.0,0.0,19.4,17.0,1015.1,0.0,0.0,0.0,0.0
2023-06-14T06:00:00,12.2,6.8,69.24,0.0,0.0,,0.0,0.0,18.9,13.0,1015.3,0.0,34.0,0.1,
2023-06-14T07:00:00,13.7,8.7,71.88,0.0,0.0,,0.0,0.0,20.7,6.0,1015.6,0.0,154.0,0.6,2.0
2023-06-14T08:00:00,15.5,10.4,71.44,0.0,0.0,,0.0,0.0,23.6,10.0,1015.8,0.0,262.0,0.9,3.0
2023-06-14T09:00:00,18.6,12.2,66.28,0.0,0.0,,0.0,0.0,19.0,16.0,1016.2,0.0,424.0,1.5,4.0
2023-06-14T10:00:00,21.4,13.1,58.9,0.0,0.0,,0.0,0.0,17.1,16.0,1016.3,0.0,615.0,2.2,6.0
2023-06-14T11:00:00,23.9,13.9,53.69,0.0,0.0,,0.0,0.0,13.5,19.0,1016.6,3.6,731.0,2.6,7.0
2023-06-14T12:00:00,25.5,13.2,46.46,0.0,0.0,,0.0,0.0,9.6,127.0,1016.5,0.0,814.0,2.9,8.0
2023-06-14T13:00:00,25.5,13.3,46.8,0.0,0.0,,0.0,0.0,11.5,160.0,1016.5,0.0,849.0,3.1,8.0
2023-06-14T14:00:00,25.5,13.1,46.21,0.0,0.0,,0.0,0.0,10.3,136.0,1016.4,28.5,810.0,2.9,8.0
2023-06-14T15:00:00,24.9,13.2,48.17,0.0,0.0,,0.0,0.0,11.8,148.0,1016.5,0.0,651.0,2.3,7.0
2023-06-14T16:00:00,24.8,11.6,43.44,0.0,0.0,,0.0,0.0,13.0,150.0,1016.6,0.0,513.0,1.8,5.0
2023-06-14T17:00:00,23.5,11.5,46.96,0.0,0.0,,0.0,0.0,12.9,132.0,1016.7,0.0,593.0,2.1,6.0
2023-06-14T18:00:00,23.0,11.1,46.86,0.0,0.0,,0.0,0.0,12.8,141.0,1016.7,0.0,436.0,1.6,4.0
2023-06-14T19:00:00,22.5,12.5,53.42,0.0,0.0,,0.0,0.0,10.0,141.0,1016.9,0.0,280.0,1.0,3.0
2023-06-14T20:00:00,22.0,12.3,54.1,0.0,0.0,,0.0,0.0,5.7,190.0,1017.2,0.0,62.0,0.2,1.0
2023-06-14T21:00:00,19.0,11.1,59.92,0.0,0.0,,0.0,0.0,3.1,168.0,1017.5,0.0,20.0,0.1,0.0
2023-06-14T22:00:00,17.2,10.5,64.66,0.0,0.0,,0.0,0.0,2.9,12.0,1018.4,0.0,0.0,0.0,0.0
2023-06-14T23:00:00,17.6,9.4,58.5,0.0,0.0,,0.0,0.0,12.5,42.0,1018.7,0.0,0.0,0.0,0.0
2023-06-15T00:00:00,16.6,9.4,62.54,0.0,0.0,,0.0,0.0,5.6,332.0,1019.0,0.0,0.0,0.0,0.0
2023-06-15T01:00:00,14.7,9.3,70.06,0.0,0.0,,0.0,0.0,8.4,19.0,1019.2,0.0,0.0,0.0,0.0
2023-06-15T02:00:00,13.3,9.8,79.36,0.0,0.0,,0.0,0.0,11.3,18.0,1019.1,0.0,0.0,0.0,0.0
2023-06-15T03:00:00,13.1,9.9,80.85,0.0,0.0,,0.0,0.0,14.0,355.0,1018.9,0.0,0.0,0.0,0.0
2023-06-15T04:00:00,12.8,10.1,83.75,0.0,0.0,,0.0,0.0,16.6,4.0,1019.0,0.0,0.0,0.0,0.0
2023-06-15T05:00:00,12.3,9.7,84.12,0.0,0.0,,0.0,0.0,16.4,360.0,1019.0,0.0,9.0,0.0,0.0
2023-06-15T06:00:00,13.3,10.5,83.38,0.0,0.0,,0.0,0.0,17.9,9.0,1019.1,0.0,35.0,0.1,0.0
2023-06-15T07:00:00,15.1,11.7,79.96,0.0,0.0,,0.0,0.0,16.9,7.0,1019.2,0.0,162.0,0.6,2.0
2023-06-15T08:00:00,16.9,12.5,75.08,0.0,0.0,,0.0,0.0,18.8,8.0,1019.4,0.0,273.0,1.0,3.0
2023-06-15T09:00:00,20.1,13.3,65.32,0.0,0.0,,0.0,0.0,7.9,22.0,1019.6,0.0,451.0,1.6,5.0
2023-06-15T10:00:00,22.2,13.4,57.51,0.0,0.0,,0.0,0.0,13.7,358.0,1019.7,0.0,609.0,2.2,6.0
2023-06-15T11:00:00,24.8,12.9,47.44,0.0,0.0,,0.0,0.0,16.5,43.0,1019.7,0.0,768.0,2.8,8.0
2023-06-15T12:00:00,24.2,13.0,49.38,0.0,0.0,,0.0,0.0,13.2,140.0,1019.8,0.0,837.0,3.0,8.0
2023-06-15T13:00:00,26.1,10.1,36.55,0.0,0.0,,0.0,0.0,14.8,60.0,1020.0,0.0,775.0,2.8,8.0
2023-06-15T14:00:00,17.4,14.3,82.02,0.0,0.0,,0.0,0.0,9.4,195.4,1019.0,35.5,,,
2023-06-15T15:00:00,23.5,13.2,52.5,0.0,0.0,,0.0,0.0,11.1,157.0,1019.2,44.5,832.0,3.0,8.0
2023-06-15T16:00:00,17.1,15.5,90.31,0.0,0.0,,0.0,0.0,4.7,207.5,1019.0,1.2,,,
2023-06-15T17:00:00,23.1,12.3,50.63,1.484,100.0,rain,0.0,0.0,10.9,150.0,1019.2,39.2,644.0,2.3,6.0
2023-06-15T18:00:00,,12.5,53.55,0.0,0.0,,0.0,0.0,8.3,165.0,1019.3,21.3,418.0,1.5,4.0
2023-06-15T19:00:00,21.8,11.5,51.89,0.0,0.0,,0.0,0.0,8.1,166.0,1019.5,35.6,274.0,1.0,3.0
2023-06-15T20:00:00,20.6,12.1,58.1,0.0,0.0,,0.0,0.0,8.2,166.0,1019.7,3.6,100.0,0.4,1.0
2023-06-15T21:00:00,18.2,11.7,66.04,0.0,0.0,,0.0,0.0,7.9,211.0,1020.0,0.0,19.0,0.1,0.0
2023-06-15T22:00:00,16.4,11.6,73.15,0.0,0.0,,0.0,0.0,4.1,44.0,1020.4,0.0,0.0,0.0,0.0
2023-06-15T23:00:00,15.5,11.5,77.32,0.0,0.0,,0.0,0.0,6.9,61.0,1020.2,0.0,0.0,0.0,0.0
2023-06-16T00:00:00,14.0,11.0,81.79,0.0,0.0,,0.0,0.0,5.2,30.0,1020.3,0.0,0.0,0.0,0.0
2023-06-16T01:00:00,13.5,11.1,85.65,0.0,0.0,,0.0,0.0,9.4,9.0,1020.5,0.0,0.0,0.0,0.0
2023-06-16T02:00:00,13.5,10.5,81.87,0.0,0.0,,0.0,0.0,8.3,10.0,1020.4,0.0,0.0,0.0,0.0
2023-06-16T03:00:00,13.5,10.7,82.73,0.0,0.0,,0.0,0.0,10.8,7.0,1020.1,0.0,0.0,0.0,0.0
2023-06-16T04:00:00,12.7,10.2,85.17,0.0,0.0,,0.0,0.0,9.4,27.0,1019.9,0.0,0.0,0.0,0.0
2023-06-16T05:00:00,12.2,9.8,85.56,0.0,0.0,,0.0,0.0,10.6,11.0,1019.7,0.0,9.0,0.0,0.0
2023-06-16T06:00:00,13.0,10.3,,0.0,0.0,,0.0,0.0,15.1,1.0,1019.6,0.0,34.0,0.1,0.0
2023-06-16T07:00:00,14.9,10.9,76.86,0.0,0.0,,0.0,0.0,13.3,8.0,1019.5,0.0,160.0,0.6,2.0
2023-06-16T08:00:00,17.7,11.5,66.95,0.0,0.0,,0.0,0.0,12.8,13.0,1019.7,0.0,271.0,1.0,3.0
2023-06-16T09:00:00,21.1,12.2,56.75,0.0,0.0,,0.0,0.0,13.8,3.0,1019.8,0.0,433.0,1.6,4.0
2023-06-16T10:00:00,23.5,10.3,43.06,0.0,0.0,,0.0,0.0,12.8,61.0,1019.7,0.0,630.0,2.3,6.0
2023-06-16T11:00:00,23.7,11.0,44.81,0.0,0.0,,0.0,0.0,8.4,135.0,1019.6,0.0,739.0,2.7,7.0
2023-06-16T12:00:00,22.6,10.8,47.31,0.0,0.0,,0.0,0.0,13.7,145.0,1019.4,0.0,822.0,3.0,8.0
2023-06-16T13:00:00,22.0,12.5,54.64,0.0,0.0,,0.0,0.0,13.8,123.0,1019.4,0.0,856.0,3.1,9.0
2023-06-16T14:00:00,22.9,12.4,51.54,0.0,0.0,,0.0,0.0,10.8,120.0,1019.0,0.0,848.0,3.1,8.0
2023-06-16T15:00:00,22.8,12.7,52.99,0.0,0.0,,0.0,0.0,11.9,141.0,1018.6,4.1,690.0,2.5,7.0
2023-06-16T16:00:00,22.8,12.2,51.31,0.0,0.0,,0.0,0.0,12.4,153.0,1018.1,14.9,679.0,2.4,7.0
2023-06-16T17:00:00,22.8,11.1,47.66,0.0,0.0,,0.0,0.0,12.2,125.0,1017.8,3.0,553.0,2.0,6.0
2023-06-16T18:00:00,22.5,10.9,48.03,0.0,0.0,,0.0,0.0,9.8,125.0,1017.4,4.3,400.0,1.4,4.0
2023-06-16T19:00:00,22.1,11.2,49.81,0.0,0.0,,0.0,0.0,11.8,126.0,1017.0,0.0,252.0,0.9,3.0
2023-06-16T20:00:00,21.4,11.4,53.1,0.0,0.0,,0.0,0.0,9.1,124.0,1016.8,0.0,93.0,0.3,1.0
2023-06-16T21:00:00,18.5,12.2,66.74,0.0,0.0,,0.0,0.0,5.8,129.0,1017.0,2.5,18.0,0.1,0.0
2023-06-16T22:00:00,16.1,11.8,75.43,0.0,0.0,,0.0,0.0,3.5,30.0,1017.1,4.2,0.0,0.0,0.0
2023-06-16T23:00:00,14.6,11.2,79.61,0.0,0.0,,0.0,0.0,5.9,34.0,1017.2,15.1,0.0,0.0,0.0
2023-06-17T00:00:00,14.5,10.8,78.39,0.0,0.0,,0.0,0.0,10.0,39.0,1017.3,9.8,0.0,0.0,0.0
2023-06-17T01:00:00,14.0,10.5,79.49,0.0,0.0,,0.0,0.0,8.7,31.0,1017.0,36.8,0.0,0.0,0.0
2023-06-17T02:00:00,13.8,9.9,77.27,0.0,0.0,,0.0,0.0,9.1,23.0,1016.4,27.1,0.0,0.0,0.0
2023-06-17T03:00:00,13.3,9.9,80.2,0.0,0.0,,0.0,0.0,7.3,9.0,1016.0,3.8,0.0,0.0,0.0
2023-06-17T04:00:00,12.8,9.8,81.83,0.0,0.0,,0.0,0.0,12.6,18.0,1015.4,1.3,0.0,0.0,0.0
2023-06-17T05:00:00,12.5,9.4,81.63,0.0,0.0,,0.0,0.0,13.6,17.0,1014.9,3.8,24.0,0.1,0.0
2023-06-17T06:00:00,14.5,9.3,71.16,0.0,0.0,,0.0,0.0,9.4,56.0,1014.6,8.1,44.0,0.2,0.0
2023-06-17T07:00:00,14.7,10.0,73.59,0.0,0.0,,0.0,0.0,15.5,12.0,1014.4,26.7,109.0,0.4,1.0
2023-06-17T08:00:00,16.1,10.6,70.02,0.0,0.0,,0.0,0.0,14.3,9.0,1014.5,60.5,189.0,0.7,2.0
2023-06-17T09:00:00,17.5,11.2,66.6,0.0,0.0,,0.0,0.0,14.2,20.0,1014.6,79.8,242.0,0.9,2.0
2023-06-17T10:00:00,18.5,12.1,66.26,0.0,0.0,,0.0,0.0,12.5,12.0,1014.6,71.3,241.0,0.9,2.0
2023-06-17T11:00:00,21.1,13.2,60.5,0.0,0.0,,0.0,0.0,9.2,17.0,1014.1,62.0,506.0,1.8,5.0
2023-06-17T12:00:00,22.9,13.7,56.16,0.0,0.0,,0.0,0.0,6.3,331.0,1013.9,20.8,594.0,2.1,6.0
2023-06-17T13:00:00,23.1,13.3,54.13,0.006,100.0,rain,0.0,0.0,9.3,143.0,1013.5,55.8,516.0,1.9,5.0
2023-06-17T14:00:00,21.7,14.0,61.28,0.0,0.0,,0.0,0.0,9.3,148.0,1013.6,14.1,616.0,2.2,6.0
2023-06-17T15:00:00,22.3,14.1,59.96,0.173,100.0,rain,0.0,0.0,9.0,110.0,1013.3,70.0,620.0,2.2,6.0
2023-06-17T16:00:00,21.4,14.3,64.09,0.008,100.0,rain,0.0,0.0,9.2,91.0,1013.0,29.8,558.0,2.0,6.0
2023-06-17T17:00:00,21.9,14.5,62.63,0.0,0.0,,0.0,0.0,7.6,146.0,1012.6,14.9,385.0,1.4,4.0
2023-06-17T18:00:00,22.3,13.9,58.66,0.0,0.0,,0.0,0.0,9.0,144.0,1012.2,24.3,340.0,1.2,3.0
2023-06-17T19:00:00,21.7,13.7,60.66,0.0,0.0,,0.0,0.0,9.0,124.0,1011.9,35.6,220.0,0.8,2.0
2023-06-17T20:00:00,20.9,13.5,62.78,0.0,0.0,,0.0,0.0,6.8,146.0,1011.9,45.3,75.0,0.3,1.0
2023-06-17T21:00:00,19.4,14.5,73.21,0.0,0.0,,0.0,0.0,3.8,302.0,1011.9,69.4,21.0,0.1,0.0
2023-06-17T22:00:00,18.3,14.5,78.58,0.0,0.0,,0.0,0.0,3.9,289.0,1011.9,86.6,0.0,0.0,0.0
2023-06-17T23:00:00,17.3,14.3,82.55,0.0,0.0,,0.0,0.0,5.2,20.0,1011.6,67.7,0.0,0.0,0.0
2023-06-18T00:00:00,17.0,14.3,84.04,0.0,0.0,,0.0,0.0,7.4,332.0,1011.8,31.1,0.0,0.0,0.0
2023-06-18T01:00:00,18.7,15.3,80.59,0.429,100.0,rain,0.0,0.0,9.9,107.0,1011.2,91.6,0.0,0.0,0.0
2023-06-18T02:00:00,17.0,15.7,92.01,4.482,100.0,rain,0.0,0.0,12.6,10.0,1010.7,91.6,0.0,0.0,0.0
2023-06-18T03:00:00,17.1,15.8,92.02,0.034,100.0,rain,0.0,0.0,8.5,338.0,1010.4,100.0,0.0,0.0,0.0
2023-06-18T04:00:00,17.1,15.7,91.45,1.264,100.0,rain,0.0,0.0,8.4,359.0,1009.8,91.6,0.0,0.0,0.0
2023-06-18T05:00:00,17.1,15.8,91.91,0.071,100.0,rain,0.0,0.0,2.4,38.0,1009.6,91.6,7.0,0.0,0.0
2023-06-18T06:00:00,17.1,16.4,95.53,0.0,0.0,,0.0,0.0,5.3,125.0,1009.6,86.2,34.0,0.1,0.0
2023-06-18T07:00:00,18.5,16.6,88.53,0.0,0.0,,0.0,0.0,11.8,111.0,1009.8,91.6,81.0,0.3,1.0
2023-06-18T08:00:00,19.4,16.9,85.68,0.0,0.0,,0.0,0.0,8.8,119.0,1009.7,48.4,190.0,0.7,2.0
2023-06-18T09:00:00,19.5,16.8,84.91,0.0,0.0,,0.0,0.0,14.8,127.0,1009.7,54.8,357.0,1.3,4.0
2023-06-18T10:00:00,20.1,17.2,83.74,0.0,0.0,,0.0,0.0,14.0,130.0,1009.3,46.2,544.0,2.0,5.0
2023-06-18T11:00:00,21.4,17.2,76.99,0.0,0.0,,0.0,0.0,9.4,180.0,1009.5,0.0,661.0,2.4,7.0
2023-06-18T12:00:00,20.1,16.1,77.38,0.0,0.0,,0.0,0.0,14.6,150.0,1009.4,28.9,628.0,2.3,6.0
2023-06-18T13:00:00,18.9,15.8,82.15,0.0,0.0,,0.0,0.0,12.0,166.0,1009.8,95.6,121.0,0.4,1.0
2023-06-18T14:00:00,16.7,15.5,92.63,0.0,0.0,,0.0,0.0,13.0,190.4,1010.0,100.0,,,
2023-06-18T15:00:00,17.7,15.5,87.3,0.007,100.0,rain,0.0,0.0,5.5,184.0,1008.7,69.5,183.0,0.7,2.0
2023-06-18T16:00:00,17.3,15.6,89.72,0.188,100.0,rain,0.0,0.0,10.8,187.0,1008.9,90.8,99.0,0.4,1.0
2023-06-18T17:00:00,16.4,15.4,93.58,2.609,100.0,rain,0.0,0.0,2.7,335.0,1008.0,100.0,58.0,0.2,1.0
2023-06-18T18:00:00,16.2,15.7,96.86,0.0,0.0,,0.0,0.0,10.1,242.0,1008.0,100.0,,,
2023-06-18T19:00:00,16.8,15.8,93.77,1.002,100.0,rain,0.0,0.0,5.3,,1007.8,99.2,79.0,0.3,1.0
2023-06-18T20:00:00,16.3,15.6,95.44,0.055,100.0,rain,0.0,0.0,10.0,241.0,1008.0,99.2,39.0,0.1,0.0
2023-06-18T21:00:00,16.2,15.4,95.08,0.018,100.0,rain,0.0,0.0,11.5,235.0,1008.4,96.7,16.0,0.1,0.0
2023-06-18T22:00:00,15.6,14.9,95.41,0.0,0.0,,0.0,0.0,13.4,237.0,1009.1,87.0,0.0,0.0,0.0
2023-06-18T23:00:00,15.9,15.5,97.41,0.148,100.0,rain,0.0,0.0,13.7,239.0,1009.3,94.1,0.0,0.0,0.0
2023-06-19T00:00:00,16.2,15.4,95.15,0.0,0.0,,0.0,0.0,14.2,256.0,1009.4,99.2,0.0,0.0,0.0
2023-06-19T01:00:00,15.6,14.7,94.4,0.0,0.0,,0.0,0.0,13.8,250.0,1009.2,94.1,0.0,0.0,0.0
2023-06-19T02:00:00,15.9,15.2,95.31,0.0,0.0,,0.0,0.0,13.7,257.0,1009.5,82.8,0.0,0.0,0.0
2023-06-19T03:00:00,16.0,15.1,94.47,0.0,0.0,,0.0,0.0,11.8,262.0,1009.7,75.3,0.0,0.0,0.0
2023-06-19T04:00:00,15.9,14.8,93.21,0.0,0.0,,0.0,0.0,12.2,242.0,1010.4,82.1,0.0,0.0,0.0
2023-06-19T05:00:00,15.6,14.8,94.69,0.0,0.0,,0.0,0.0,11.9,242.0,1010.7,99.2,8.0,,0.0
2023-06-19T06:00:00,15.7,14.8,94.36,0.0,0.0,,0.0,0.0,9.3,238.0,1011.1,99.2,21.0,0.1,0.0
2023-06-19T07:00:00,16.5,15.1,91.55,0.015,100.0,rain,0.0,0.0,10.2,221.0,1011.2,63.5,98.0,0.4,1.0
2023-06-19T08:00:00,17.1,15.1,88.1,0.0,0.0,,0.0,0.0,10.5,177.0,1011.5,56.6,269.0,1.0,3.0
2023-06-19T09:00:00,16.8,15.0,89.07,0.0,0.0,,0.0,0.0,15.1,178.0,1012.0,42.2,278.0,1.0,3.0
2023-06-19T10:00:00,16.8,15.2,90.01,0.0,0.0,,0.0,0.0,11.6,159.0,1012.3,83.4,175.0,0.6,2.0
2023-06-19T11:00:00,16.9,15.2,89.63,0.0,0.0,,0.0,0.0,14.9,201.0,1012.5,58.9,209.0,0.8,2.0
2023-06-19T12:00:00,17.3,15.3,88.01,0.0,0.0,,0.0,0.0,15.3,201.0,1012.7,77.7,242.0,0.9,2.0
2023-06-19T13:00:00,18.1,15.6,85.15,0.0,0.0,,0.0,0.0,13.7,208.0,1012.5,52.1,360.0,1.3,4.0
2023-06-19T14:00:00,18.5,15.6,82.91,0.0,0.0,,0.0,0.0,12.1,199.0,1012.4,41.6,651.0,2.3,7.0
2023-06-19T15:00:00,19.5,15.4,77.2,0.0,0.0,,0.0,0.0,11.8,182.0,1012.2,72.5,648.0,2.3,6.0
2023-06-19T16:00:00,19.6,15.3,76.35,0.0,0.0,,0.0,0.0,11.7,171.0,1011.9,56.6,713.0,2.6,7.0
2023-06-19T17:00:00,20.0,15.2,74.05,0.0,0.0,,0.0,0.0,10.3,183.0,1011.3,28.5,584.0,2.1,6.0
2023-06-19T18:00:00,19.9,14.8,72.44,0.0,0.0,,0.0,0.0,9.8,174.0,1011.2,1.4,444.0,1.6,4.0
2023-06-19T19:00:00,19.7,14.9,73.76,0.0,0.0,,0.0,0.0,8.0,173.0,1011.1,35.5,293.0,1.1,3.0
2023-06-19T20:00:00,19.1,14.8,76.17,0.0,0.0,,0.0,0.0,6.2,194.0,1011.2,48.1,104.0,0.4,1.0
2023-06-19T21:00:00,17.9,14.9,83.09,0.0,0.0,,0.0,0.0,3.9,181.0,1011.2,83.6,26.0,0.1,0.0
2023-06-19T22:00:00,17.1,15.3,89.08,0.0,0.0,,0.0,0.0,6.1,149.0,1011.4,91.6,0.0,0.0,0.0
2023-06-19T23:00:00,16.7,14.9,89.04,0.0,0.0,,0.0,0.0,2.3,130.0,1011.1,91.6,0.0,0.0,0.0
2023-06-20T00:00:00,16.1,15.2,94.6,0.0,0.0,,0.0,0.0,4.9,10.0,1010.6,88.8,0.0,0.0,0.0
2023-06-20T01:00:00,16.5,15.2,92.38,0.0,0.0,,0.0,0.0,7.0,31.0,1010.1,86.9,0.0,0.0,0.0
2023-06-20T02:00:00,15.9,14.2,89.39,0.0,0.0,,0.0,0.0,7.0,31.0,1009.4,73.8,0.0,0.0,0.0
2023-06-20T03:00:00,15.6,13.6,87.85,0.006,100.0,rain,0.0,0.0,7.2,37.0,1009.0,52.4,0.0,0.0,0.0
2023-06-20T04:00:00,17.4,14.4,82.47,0.0,0.0,,0.0,0.0,8.7,69.0,1008.1,88.8,0.0,0.0,0.0
2023-06-20T05:00:00,18.1,15.3,83.83,0.006,100.0,rain,0.0,0.0,13.4,87.0,1007.0,92.7,9.0,0.0,0.0
2023-06-20T06:00:00,18.3,16.5,89.4,0.194,100.0,rain,0.0,0.0,19.2,104.0,1006.5,90.5,9.0,0.0,0.0
2023-06-20T07:00:00,17.6,17.1,97.11,16.153,100.0,rain,0.0,0.0,16.1,111.0,1006.6,94.4,12.0,0.0,0.0
2023-06-20T08:00:00,17.6,17.0,96.76,2.345,100.0,rain,0.0,0.0,13.6,143.0,1006.8,99.2,38.0,0.1,0.0
2023-06-20T09:00:00,18.1,17.6,96.77,0.184,100.0,rain,0.0,0.0,12.7,166.0,1007.0,86.8,52.0,0.2,1.0
2023-06-20T10:00:00,18.2,17.2,93.63,0.0,0.0,,0.0,0.0,15.5,202.0,1007.4,99.2,73.0,0.3,1.0
2023-06-20T11:00:00,18.9,17.4,91.29,0.0,0.0,,0.0,0.0,21.8,215.0,1007.6,95.8,380.0,1.4,4.0
2023-06-20T12:00:00,18.2,16.4,89.26,0.0,0.0,,0.0,0.0,22.6,208.0,1007.9,64.1,355.0,1.3,4.0
2023-06-20T13:00:00,17.7,16.2,91.11,0.0,0.0,,0.0,0.0,24.9,216.0,1007.9,99.2,505.0,1.8,5.0
2023-06-20T14:00:00,17.8,15.7,87.68,0.0,0.0,,0.0,0.0,22.5,218.0,1008.3,96.4,432.0,1.6,4.0
2023-06-20T15:00:00,18.0,15.9,87.65,0.0,0.0,,0.0,0.0,20.9,227.0,1008.6,97.9,376.0,1.4,4.0
2023-06-20T16:00:00,19.2,15.7,80.15,0.0,0.0,,0.0,0.0,20.6,229.0,1008.7,42.5,479.0,1.7,5.0
2023-06-20T17:00:00,19.6,16.0,79.74,0.0,0.0,,0.0,0.0,13.2,235.0,1008.7,44.5,487.0,1.8,5.0
2023-06-20T18:00:00,19.1,15.7,80.66,0.0,0.0,,0.0,0.0,18.0,234.0,1008.8,40.0,350.0,1.3,4.0
2023-06-20T19:00:00,19.1,15.6,79.82,0.0,0.0,,0.0,0.0,16.5,227.0,1009.4,36.5,249.0,0.9,2.0
2023-06-20T20:00:00,19.0,15.1,78.16,0.0,0.0,,0.0,0.0,13.6,243.0,1009.7,13.0,101.0,0.4,1.0
2023-06-20T21:00:00,17.5,14.3,81.56,0.0,0.0,,0.0,0.0,6.8,192.0,1010.3,0.0,18.0,0.1,0.0
2023-06-20T22:00:00,16.9,15.3,90.44,0.0,0.0,,0.0,0.0,16.3,227.0,1011.6,18.7,0.0,0.0,0.0
2023-06-20T23:00:00,16.3,14.3,87.96,0.0,0.0,,0.0,0.0,14.8,236.0,1012.0,16.1,0.0,0.0,0.0
2023-06-21T00:00:00,15.5,14.2,92.2,0.0,0.0,,0.0,0.0,11.7,235.0,1012.3,13.9,0.0,0.0,0.0
2023-06-21T01:00:00,16.0,14.8,93.0,0.0,0.0,,0.0,0.0,11.7,238.0,1012.5,54.0,0.0,0.0,0.0
2023-06-21T02:00:00,15.6,14.6,93.25,0.0,0.0,,0.0,0.0,10.8,252.0,1012.7,83.3,0.0,0.0,0.0
2023-06-21T03:00:00,16.1,14.9,92.55,0.0,0.0,,0.0,0.0,11.7,258.0,1013.2,91.6,0.0,0.0,0.0
2023-06-21T04:00:00,15.8,,91.7,0.0,0.0,,0.0,0.0,4.6,264.0,1013.6,72.0,0.0,0.0,0.0
2023-06-21T05:00:00,16.0,14.8,92.41,0.0,0.0,,0.0,0.0,2.9,322.0,1014.1,46.8,11.0,0.0,0.0
2023-06-21T06:00:00,16.0,15.3,95.81,0.0,,,0.0,0.0,11.6,213.0,1014.7,59.9,28.0,0.1,0.0
2023-06-21T07:00:00,16.8,15.3,90.58,0.0,0.0,,0.0,0.0,10.7,259.0,1015.3,47.6,65.0,,1.0
2023-06-21T08:00:00,18.2,15.3,82.84,0.0,0.0,,0.0,0.0,13.1,244.0,1016.1,50.3,104.0,0.4,1.0
2023-06-21T09:00:00,18.2,16.2,88.5,0.0,0.0,,0.0,0.0,18.2,215.0,1016.7,71.3,160.0,0.6,2.0
2023-06-21T10:00:00,17.7,15.3,86.34,0.0,0.0,,0.0,0.0,17.1,222.0,1017.1,57.6,188.0,0.7,2.0
2023-06-21T11:00:00,19.3,15.9,80.55,0.0,0.0,,0.0,0.0,20.3,214.0,1017.6,42.4,239.0,0.9,2.0
2023-06-21T12:00:00,19.5,16.0,80.38,0.0,0.0,,0.0,0.0,20.2,224.0,1017.9,71.4,388.0,1.4,4.0
2023-06-21T13:00:00,19.8,16.2,79.53,0.0,0.0,,0.0,,19.2,220.0,1018.0,30.9,592.0,,6.0
2023-06-21T14:00:00,20.4,16.2,76.7,0.0,0.0,,0.0,0.0,17.7,220.0,1018.1,42.1,909.0,3.3,9.0
2023-06-21T15:00:00,20.9,16.6,76.68,0.0,0.0,,0.0,0.0,19.2,213.0,1018.2,30.6,826.0,3.0,8.0
2023-06-21T16:00:00,21.0,16.1,73.19,0.0,0.0,,0.0,0.0,19.2,228.0,1018.1,11.2,722.0,2.6,7.0
2023-06-21T17:00:00,20.6,15.4,72.27,0.0,0.0,,0.0,0.0,17.3,220.0,1018.4,19.9,556.0,2.0,6.0
2023-06-21T18:00:00,19.4,15.3,76.98,0.0,0.0,,0.0,0.0,15.8,204.0,1018.5,6.1,419.0,1.5,4.0
2023-06-21T19:00:00,19.2,15.2,77.9,0.0,0.0,,0.0,0.0,11.3,212.0,1018.1,0.0,243.0,0.9,2.0
2023-06-21T20:00:00,18.1,15.2,83.29,0.0,0.0,,0.0,0.0,12.2,217.0,1018.3,18.5,95.0,0.3,1.0
2023-06-21T21:00:00,17.1,15.0,87.43,0.0,0.0,,0.0,0.0,10.1,202.0,1018.1,19.7,28.0,0.1,0.0
2023-06-21T22:00:00,16.3,14.8,91.19,0.0,0.0,,0.0,0.0,7.1,210.0,1018.9,61.7,7.0,0.0,0.0
2023-06-21T23:00:00,16.1,14.8,92.49,0.0,0.0,,0.0,0.0,11.6,208.0,1019.2,61.7,0.0,0.0,0.0
